block_id,is_anomaly,pca_flag,pca_residual,split
blk_-1608999687919862906,False,True,36.6644,train
blk_7503483334202473044,False,True,0.056,train
blk_-3544583377289625738,True,True,2236.6608,train
blk_-9073992586687739851,False,False,0.0001,train
blk_7854771516489510256,False,False,0.0001,train
blk_-3409923645141256069,False,False,0.0001,train
blk_3640100967125688321,False,False,0.0001,train
blk_-2519617320378473615,False,False,0.0,train
blk_4394112519745907149,False,False,0.0001,train
blk_-2900490557492272760,False,False,0.0,train
blk_-40115644493265216,False,False,0.0001,train
blk_-50273257731426871,False,False,0.0001,train
blk_8586544123689943463,False,False,0.0001,train
blk_2765344736980045501,False,False,0.0001,train
blk_7063315473424667801,False,False,0.0,train
blk_1717858812220360316,False,False,0.0001,train
blk_-8531310335568756456,True,False,0.0,train
blk_-7742258871275669707,False,False,0.0001,train
blk_5703440264997337028,False,False,0.0,train
blk_-8120118743897862909,False,False,0.0,train
blk_5727159100405160712,False,False,0.0001,train
blk_4649698331936539655,False,False,0.0001,train
blk_-2828839543885026602,False,False,0.0001,train
blk_5117857107611435103,False,False,0.0,train
blk_3947106522258141922,True,False,0.0001,train
blk_-202775138379690649,False,False,0.0,train
blk_-7861579849076010389,False,False,0.0001,train
blk_-6535155942125829332,False,False,0.0001,train
blk_3175731177970777720,False,False,0.0001,train
blk_-66330728533676520,False,False,0.0001,train
blk_3974948352784823938,False,False,0.0,train
blk_8609819439677503690,False,False,0.0001,train
blk_8376667364205250596,False,False,0.0,train
blk_-8476126489496204177,False,False,0.0001,train
blk_-1942808544656255720,False,False,0.0,train
blk_9069966081657556515,False,False,0.0001,train
blk_-2444160001954743483,False,False,0.0001,train
blk_-2372508938534145884,False,False,0.0,train
blk_-3940941529251864773,False,False,0.0001,train
blk_-4513615671112005170,False,False,0.0001,train
blk_5647760196018207394,False,False,0.0,train
blk_-8281945757273050140,False,False,0.0001,train
blk_1998424538687454859,False,False,0.0,train
blk_584104991019184413,False,False,0.0001,train
blk_-1385756122847916710,False,False,0.0,train
blk_6740695140894845846,False,False,0.0001,train
blk_1937926427363440853,False,False,0.0001,train
blk_-105450231192318816,False,False,0.0001,train
blk_-774246298521956028,False,False,0.0001,train
blk_7955481321933797799,False,False,0.0,train
blk_-2850818623433938591,False,False,0.0001,train
blk_5479015932651254774,False,False,0.0,train
blk_-6790654856691185731,False,False,0.0001,train
blk_7474637556625667220,False,False,0.0001,train
blk_-8013855621109800549,False,False,0.0001,train
blk_967160175355936210,False,False,0.0,train
blk_-4309280423174037990,False,False,0.0001,train
blk_-7911463493785581853,False,False,0.0001,train
blk_-2682415100025107597,False,False,0.0001,train
blk_6835995323369082616,False,False,0.0,train
blk_-2398209593415798905,False,False,0.0,train
blk_40441923226500563,False,False,0.0001,train
blk_-8186438745381579117,False,False,0.0001,train
blk_3738211383445750914,False,False,0.0,train
blk_7475438553401908725,False,False,0.0001,train
blk_7956543127401791181,True,False,0.0001,train
blk_-2814588473145762869,False,False,0.0001,train
blk_8558795046002911094,False,False,0.0,train
blk_-6370470857048627387,False,False,0.0001,train
blk_6609646171038203219,False,False,0.0001,train
blk_-7198899606504196854,False,False,0.0,train
blk_6918081507126070602,False,False,0.0,train
blk_2825871331379974767,False,False,0.0,train
blk_177394776382448614,False,False,0.0001,train
blk_3098154771341398925,False,False,0.0001,train
blk_-5649479540791129974,False,False,0.0,train
blk_2080109799967615857,False,False,0.0001,train
blk_634338240549205708,False,False,0.0,train
blk_8046151943293893685,False,False,0.0001,train
blk_3941533870808561940,False,False,0.0001,train
blk_6309418393114897475,False,False,0.0001,train
blk_-3667585438930153850,False,False,0.0001,train
blk_6227055072516687391,False,False,0.0001,train
blk_8026466674001363449,False,False,0.0001,train
blk_-1548346834251221499,False,False,0.0001,train
blk_5491460290951785997,False,False,0.0001,train
blk_-3102267849859399193,True,True,1.1586,train
blk_-3076705858972714475,False,False,0.0001,train
blk_-8756305378882356508,False,False,0.0,train
blk_8910234103556704078,False,False,0.0001,train
blk_1613550655988246573,False,False,0.0,train
blk_2986822300704311308,False,False,0.0001,train
blk_-4710160024743429585,False,False,0.0001,train
blk_-1477913034248457629,False,False,0.0001,train
blk_6597014667441085597,False,False,0.0001,train
blk_2391384234620089834,False,False,0.0001,train
blk_-1962009378227535387,False,False,0.0,train
blk_-6108780682959356968,False,False,0.0001,train
blk_5161501523120226002,False,False,0.0,train
blk_6288745377407023095,False,False,0.0,train
blk_3461505966191484945,False,False,0.0001,train
blk_-8515113585876695879,False,False,0.0001,train
blk_-7158210625015641227,False,False,0.0001,train
blk_-2983481749155087856,False,False,0.0,train
blk_3433546525085724680,False,False,0.0001,train
blk_2074627648226805983,False,False,0.0001,train
blk_8665604379324651807,False,False,0.0001,train
blk_8595954612153362607,False,False,0.0,train
blk_-1076549517733373559,False,False,0.0001,train
blk_1325332921567711382,False,False,0.0,train
blk_-518459762181346762,False,False,0.0001,train
blk_-7226303435190136642,False,False,0.0001,train
blk_-3865158146925189370,False,False,0.0001,train
blk_4845477247445346914,False,False,0.0001,train
blk_-4390409968877773039,False,False,0.0001,train
blk_5775293647706867248,False,False,0.0,train
blk_-5835224384325268050,False,False,0.0001,train
blk_2329219899967276279,False,False,0.0,train
blk_-9025459096044337508,False,False,0.0001,train
blk_-1187723472581877455,False,False,0.0001,train
blk_-1871778753987286456,False,False,0.0001,train
blk_-5800700353547170271,False,False,0.0001,train
blk_-4341181125838883663,False,False,0.0,train
blk_4521164666406024155,False,False,0.0,train
blk_-5702477348781461354,False,False,0.0,train
blk_-2741438423499484166,False,False,0.0,train
blk_-2804479706331551014,False,False,0.0001,train
blk_-6920587680575966964,False,False,0.0001,train
blk_-3776330106018304557,False,False,0.0001,train
blk_1640563687655694592,False,False,0.0001,train
blk_2689014683808259029,False,False,0.0001,train
blk_-546318595782592836,False,False,0.0001,train
blk_7427307448707327249,False,False,0.0001,train
blk_8059760933250408909,False,False,0.0001,train
blk_-7660193828821971101,False,False,0.0001,train
blk_-8054782785917830420,False,False,0.0001,train
blk_-2973260837493784784,False,False,0.0,train
blk_3522654861930890662,False,False,0.0,train
blk_-5114249203202400596,False,False,0.0001,train
blk_3972287319691001044,False,False,0.0001,train
blk_-9166492953238830125,False,False,0.0,train
blk_-7518315834509097389,False,False,0.0001,train
blk_-6879190567969332918,False,False,0.0001,train
blk_-2598897828182146855,False,False,0.0001,train
blk_-4770972463483766707,False,False,0.0001,train
blk_4675103097330094461,False,False,0.0001,train
blk_202536106610432362,False,False,0.0001,train
blk_3909865472571090536,False,False,0.0,train
blk_-6586753944835843334,False,False,0.0001,train
blk_-4190491243436026170,False,False,0.0001,train
blk_-4393655256228529026,False,False,0.0,train
blk_-8091841062813936618,False,False,0.0,train
blk_-4430564173662960642,False,False,0.0001,train
blk_1448813076571847187,False,False,0.0,train
blk_1912523661436659100,False,False,0.0001,train
blk_-859147788836187186,False,False,0.0,train
blk_7352609810175565501,False,False,0.0001,train
blk_-859705208416062320,False,False,0.0001,train
blk_3363069898317139269,False,False,0.0001,train
blk_1279101103527882599,False,False,0.0,train
blk_8573973636575611103,False,False,0.0,train
blk_-6931080266317198977,False,False,0.0001,train
blk_1404945464756167309,False,False,0.0001,train
blk_-2869299916035182755,False,False,0.0,train
blk_966870748231287658,False,False,0.0001,train
blk_3508011185486088738,False,False,0.0,train
blk_5488900529276086615,False,False,0.0001,train
blk_2347008916727134499,False,False,0.0001,train
blk_3341600009111698611,False,False,0.0,train
blk_-4667470578821022066,False,False,0.0001,train
blk_3880327230518840131,False,False,0.0001,train
blk_9210346052555304090,False,False,0.0001,train
blk_855704723224540977,False,False,0.0,train
blk_-4002888391906787542,False,False,0.0001,train
blk_-7851573941192785283,False,False,0.0,train
blk_-3758406899752824535,False,False,0.0001,train
blk_-4673142718163027981,False,False,0.0001,train
blk_-6125125239494402092,False,False,0.0001,train
blk_-2947515393396507971,False,False,0.0001,train
blk_4386079411548040260,False,False,0.0001,train
blk_2912732363095595893,False,False,0.0001,train
blk_-4236464647074379160,False,False,0.0001,train
blk_5636792039332085446,False,False,0.0,train
blk_4737741713837408345,False,False,0.0001,train
blk_-1470784088028862059,False,False,0.0001,train
blk_-5950249832413179417,False,False,0.0,train
blk_8814359467727556626,False,False,0.0,train
blk_-5912999755522282446,False,False,0.0,train
blk_-4229931861869531048,False,False,0.0001,train
blk_-7559008592818043090,False,False,0.0,train
blk_-1052739769153545987,False,False,0.0,train
blk_-5584251724032983856,False,False,0.0001,train
blk_-1626340715627889482,False,False,0.0001,train
blk_3152503487390436165,False,False,0.0001,train
blk_6021477756386488418,False,False,0.0001,train
blk_-7185891569842971867,False,False,0.0001,train
blk_-1916058035352472789,False,False,0.0,train
blk_-1700929423419481113,False,False,0.0001,train
blk_-3283849791137044034,False,False,0.0001,train
blk_-7686748181966193443,False,False,0.0001,train
blk_-2498004188306609167,False,False,0.0,train
blk_6717969265771639561,False,False,0.0001,train
blk_2221775105544933826,False,False,0.0001,train
blk_7268266957111394674,False,False,0.0,train
blk_2366822833609442341,False,False,0.0,train
blk_2619290546489140930,False,False,0.0001,train
blk_5133892961859808126,False,False,0.0001,train
blk_-4046605047697127122,False,False,0.0001,train
blk_-3193540685585849952,False,False,0.0001,train
blk_4931832500563355889,False,False,0.0,train
blk_-2917825689581470793,False,False,0.0001,train
blk_-8588230903310885315,False,False,0.0,train
blk_4151093570962084251,False,False,0.0,train
blk_-2278104779962392523,False,False,0.0001,train
blk_-8420426811026669438,False,False,0.0001,train
blk_-2622300918011411840,False,False,0.0001,train
blk_9125494407446525156,False,False,0.0001,train
blk_38865049064139660,False,False,0.0001,train
blk_-4365681458226063681,False,False,0.0,train
blk_872694497849122755,True,False,0.0,train
blk_-4525470997464616220,False,False,0.0,train
blk_-6714222090039882252,False,False,0.0,train
blk_6420476111425645508,False,False,0.0001,train
blk_-1577830978049349432,False,False,0.0,train
blk_8725561728667995755,False,False,0.0001,train
blk_-9084956447070300510,False,False,0.0001,train
blk_2583366788302307794,False,False,0.0001,train
blk_-5170072115129389871,False,False,0.0001,train
blk_-5493359978973542887,False,False,0.0,train
blk_-6339417867119146108,False,False,0.0,train
blk_4856031730010032819,False,False,0.0,train
blk_4058804987355354315,False,False,0.0,train
blk_-8048421706779991679,False,False,0.0,train
blk_8223024669447846632,False,False,0.0001,train
blk_4031055865781150544,False,False,0.0001,train
blk_-8162512552777886199,False,False,0.0001,train
blk_-4026330115303607086,False,False,0.0001,train
blk_377236923047456543,False,False,0.0,train
blk_-7689031213313245416,False,False,0.0001,train
blk_4623571410782847630,False,False,0.0001,train
blk_-1121030458003600251,False,False,0.0,train
blk_-6852866038059123001,False,False,0.0001,train
blk_-6035208985581955117,False,False,0.0,train
blk_-6827329558602881823,False,False,0.0001,train
blk_1185079144408607775,False,False,0.0001,train
blk_-3520428728308625709,False,False,0.0,train
blk_-568941302732430172,False,False,0.0001,train
blk_613065710451569222,False,False,0.0001,train
blk_8055148678985254863,False,False,0.0001,train
blk_-67977319704233769,False,False,0.0,train
blk_3488190436389958215,False,False,0.0,train
blk_24847521761041757,False,False,0.0001,train
blk_6986538622634403948,False,False,0.0,train
blk_6678472565712118087,False,False,0.0,train
blk_841265344082922041,False,False,0.0,train
blk_2657254091763574664,False,False,0.0001,train
blk_-5414183895914433338,False,False,0.0,train
blk_-3253829104116368139,False,False,0.0,train
blk_7392010738495470190,False,False,0.0,train
blk_6578809109018330119,False,False,0.0001,train
blk_-8694359045337946818,False,False,0.0,train
blk_-3443869707407490925,False,False,0.0001,train
blk_-7130787197300034964,False,False,0.0,train
blk_-3238412011236244640,False,False,0.0001,train
blk_197214010584922120,False,False,0.0,train
blk_3773669678166680940,False,False,0.0,train
blk_2404342940449629715,False,False,0.0001,train
blk_3091099087150179177,False,False,0.0001,train
blk_7132759917805418067,False,False,0.0001,train
blk_7573381576932599374,False,False,0.0001,train
blk_38171424126089923,False,False,0.0,train
blk_-7232800529359257484,False,False,0.0,train
blk_-2573988170548478524,False,False,0.0001,train
blk_3294295097158489623,False,False,0.0001,train
blk_-5358363415355511925,False,False,0.0,train
blk_-3318642146574997320,False,False,0.0,train
blk_2585807940696131461,False,False,0.0001,train
blk_-5175722170941249815,False,False,0.0001,train
blk_5614249702379360530,False,False,0.0,train
blk_-7486457612086258197,False,False,0.0001,train
blk_-6511728007995801856,False,False,0.0,train
blk_1732876454483854279,False,False,0.0,train
blk_-7532913187987519950,False,False,0.0,train
blk_-6054385392244792487,False,False,0.0001,train
blk_5274692881287326658,False,False,0.0,train
blk_-6232712486646639079,False,False,0.0,train
blk_3953559589275347835,False,False,0.0001,train
blk_2646137657036117634,False,False,0.0001,train
blk_-463158400553007438,False,False,0.0,train
blk_3239380279521454817,False,False,0.0,train
blk_-4916781897012753844,False,False,0.0001,train
blk_-7565306891743376805,False,False,0.0,train
blk_6525645224298470536,False,False,0.0001,train
blk_-2667064017324592326,False,False,0.0,train
blk_2163147564840591022,False,False,0.0,train
blk_5678512043430077200,False,False,0.0,train
blk_8465769948419925967,False,False,0.0001,train
blk_1383479986546835007,False,False,0.0,train
blk_1585681987211758961,False,False,0.0,train
blk_3093569883558689157,False,False,0.0,train
blk_-5472366049560759167,False,False,0.0,train
blk_1367870633219053668,False,False,0.0001,train
blk_4289625875479909480,False,False,0.0001,train
blk_8518644188978882261,False,False,0.0,train
blk_981612145312864885,False,False,0.0,train
blk_7916151846227308238,False,False,0.0,train
blk_541458502420960920,False,False,0.0001,train
blk_6055889596475060317,False,False,0.0,train
blk_2044409903741578562,False,False,0.0,train
blk_-2449017855856764848,False,False,0.0001,train
blk_-669219608853085168,False,False,0.0,train
blk_2455917203220074754,False,False,0.0001,train
blk_-7545473931084004681,False,False,0.0001,train
blk_4036267293724823480,False,False,0.0,train
blk_-237744713088101845,False,False,0.0,train
blk_-5671895892153119162,False,False,0.0001,train
blk_7251107390153250071,False,False,0.0001,train
blk_2327492205667109903,False,False,0.0,train
blk_4083337788449963064,False,False,0.0,train
blk_-3572954475094555028,False,False,0.0001,train
blk_3878871310819862093,False,False,0.0,train
blk_-906929634502249537,False,False,0.0,train
blk_8155607960458082281,False,False,0.0,train
blk_2931242832797339515,False,False,0.0,train
blk_-5584875496006139565,False,False,0.0,train
blk_7182298358730791197,False,False,0.0001,train
blk_8294878850903324975,False,False,0.0,train
blk_4712938983108943253,False,False,0.0001,train
blk_3043753876829603164,False,False,0.0,train
blk_4082071052002133707,False,False,0.0,train
blk_-2870732575704612495,False,False,0.0001,train
blk_-2864044183052157382,False,False,0.0001,train
blk_4139091197886383131,False,False,0.0001,train
blk_-6795505241391858229,False,False,0.0,train
blk_8624561841460699343,False,False,0.0,train
blk_8135292087230413975,True,False,0.0,train
blk_4566277459864535342,False,False,0.0001,train
blk_-3407920531979306897,False,False,0.0,train
blk_-3534835244149147539,False,False,0.0001,train
blk_-1442035270681298125,False,False,0.0,train
blk_-1268704127005579599,False,False,0.0001,train
blk_-4013352108974757296,False,False,0.0001,train
blk_-8144145466118512432,False,False,0.0,train
blk_6121212718624278543,False,False,0.0001,train
blk_-3901171193985872487,False,False,0.0,train
blk_-3616976684127351139,False,False,0.0,train
blk_-7713388298429426884,False,False,0.0001,train
blk_6192538903136651854,False,False,0.0,train
blk_1239909128373552502,False,False,0.0001,train
blk_-3046627542547536054,False,False,0.0001,train
blk_5661848627083847913,False,False,0.0,train
blk_-6704225939638932097,False,False,0.0,train
blk_8183815269486695335,False,False,0.0,train
blk_-8741334127422264486,False,False,0.0,train
blk_-7194027365856463559,False,False,0.0001,train
blk_-5143286617671754617,False,False,0.0001,train
blk_7804208990899438071,False,False,0.0001,train
blk_1780513736067213693,False,False,0.0001,train
blk_6745860875456203032,False,False,0.0,train
blk_-6441832264813778096,False,False,0.0,train
blk_2602936878633669240,False,False,0.0,train
blk_7340860866556817481,False,False,0.0001,train
blk_6402803854715743550,False,False,0.0,train
blk_6733725894073150811,False,False,0.0001,train
blk_-994288696663095595,False,False,0.0001,train
blk_-4147447158944475729,False,False,0.0,train
blk_-9032182111118378964,False,False,0.0,train
blk_8257277173936543986,False,False,0.0,train
blk_3647098096660331647,False,False,0.0001,train
blk_328595803100712652,False,False,0.0,train
blk_268467721592087811,False,False,0.0,train
blk_5167166035808601451,False,False,0.0,train
blk_6687412102242126380,False,False,0.0,train
blk_5579327064488516122,False,False,0.0001,train
blk_-2064366892727746021,False,False,0.0,train
blk_6005203045226256208,False,False,0.0,train
blk_7359269325129318656,False,False,0.0,train
blk_8554832644956889891,False,False,0.0,train
blk_-4255221183685916173,False,False,0.0,train
blk_7031936135774406790,False,False,0.0,train
blk_8643402937543183462,False,False,0.0,train
blk_1472526959254300198,False,False,0.0,train
blk_-2126554733521224025,True,False,0.0,train
blk_-8991056407448381439,False,False,0.0,train
blk_-7837133872976053297,False,False,0.0,train
blk_1191349968162171906,False,False,0.0001,train
blk_1242317965473535156,False,False,0.0001,train
blk_7146075618207518599,False,False,0.0,train
blk_4989545155659808163,False,False,0.0,train
blk_1568365807861288923,False,False,0.0,train
blk_-3293629146894685686,False,False,0.0001,train
blk_-2273002562863558502,False,False,0.0001,train
blk_-8336073861861214315,False,False,0.0,train
blk_-6638947116615659603,False,False,0.0,train
blk_8338750703123779266,False,False,0.0,train
blk_1443463642808392693,False,False,0.0,train
blk_-4613619599761045924,False,False,0.0,train
blk_-2965566789783719201,False,False,0.0,train
blk_721089563800281867,False,False,0.0,train
blk_-6513994781975921172,False,False,0.0,train
blk_7284288610645148533,False,False,0.0,train
blk_-1812791921266891724,False,False,0.0,train
blk_60883264900606622,False,False,0.0,train
blk_4369195003475287925,False,False,0.0,train
blk_-2488242768015281896,False,False,0.0,train
blk_-6661785825013183656,False,False,0.0001,train
blk_3444182709176827855,False,False,0.0,train
blk_5519533847123842836,False,False,0.0,train
blk_1870632972122759026,False,False,0.0,train
blk_-5939456537580499544,False,False,0.0,train
blk_-8499405744728777619,False,False,0.0,train
blk_-3982883175805628125,False,False,0.0,train
blk_3629306941925717410,False,False,0.0,train
blk_-3708490612483850737,False,False,0.0,train
blk_8653331095267766448,False,False,0.0,train
blk_5080467239406867513,False,False,0.0,train
blk_-6481104156429369270,False,False,0.0,train
blk_-2319428880642351841,False,False,0.0,train
blk_1624298601708597347,False,False,0.0,train
blk_-1876641118231621786,False,False,0.0,train
blk_871787403538593251,False,False,0.0,train
blk_-7598755695670995274,False,False,0.0001,train
blk_3837161082742671754,False,False,0.0,train
blk_7941013015950049921,False,False,0.0,train
blk_7688878104984545100,False,False,0.0,train
blk_-7563442172597950408,False,False,0.0,train
blk_8480912111155467136,False,False,0.0,train
blk_1452575498208233649,False,False,0.0001,train
blk_-7913427877332822466,False,False,0.0,train
blk_4771754397973472847,False,False,0.0001,train
blk_1340344699891218771,False,False,0.0,train
blk_7299155215022858120,False,False,0.0,train
blk_8072327513655359852,False,False,0.0,train
blk_6071503843829253608,False,False,0.0,train
blk_913412967866641995,False,False,0.0001,train
blk_6830647897035533836,False,False,0.0001,train
blk_6328154611956466143,False,False,0.0,train
blk_5013023125302265367,False,False,0.0,train
blk_-416928069220652273,False,False,0.0,train
blk_8351002834999754342,False,False,0.0,train
blk_-2824064955348406797,False,False,0.0001,train
blk_-7430844830306228943,False,False,0.0,train
blk_-3005274241419157270,False,False,0.0,train
blk_-65606802992611431,False,False,0.0,train
blk_-8406634885489843927,False,False,0.0,train
blk_2576579059491723435,False,False,0.0,train
blk_-3538845885769016002,False,False,0.0001,train
blk_-1075824758046104422,False,False,0.0,train
blk_7251600344459961283,False,False,0.0,train
blk_-8508057853272918816,False,False,0.0,train
blk_-2309900647143124161,False,False,0.0,train
blk_-4677103480197511730,False,False,0.0,train
blk_4929053471764164638,False,False,0.0,train
blk_-9041047513394897329,False,False,0.0,train
blk_3577345752857670999,False,False,0.0,train
blk_-5104206351914419668,False,False,0.0,train
blk_2597659943452218395,False,False,0.0,train
blk_-2141072550023948613,False,False,0.0,train
blk_-3193897258890652655,False,False,0.0,train
blk_-6832386779504989309,False,False,0.0,train
blk_-4479989170423733522,False,False,0.0,train
blk_-3155415637543545820,False,False,0.0,train
blk_-5197568757166382826,False,False,0.0,train
blk_-216389055115678724,False,False,0.0,train
blk_-4542486744283261479,False,False,0.0,train
blk_6064295214517058617,False,False,0.0,train
blk_8606995131101556912,False,False,0.0,train
blk_-7901445778450179145,False,False,0.0,train
blk_2683535556464000378,False,False,0.0,train
blk_-4980916519894289629,False,False,0.0,train
blk_4747238186020862016,False,False,0.0001,train
blk_7034391505127133718,False,False,0.0,train
blk_-2067385435033773498,False,False,0.0,train
blk_2703374977575297682,False,False,0.0,train
blk_3109130885877799441,False,False,0.0,train
blk_-3694504493891123835,False,False,0.0,train
blk_-5757962755072575216,False,False,0.0,train
blk_-8188272833603461278,False,False,0.0,train
blk_4251602773768633325,False,False,0.0,train
blk_-6554027761952844542,False,False,0.0,train
blk_-5799326497853100007,False,False,0.0,train
blk_6609144330049651960,False,False,0.0,train
blk_6500566432312573976,False,False,0.0,train
blk_-7761947476089971890,False,False,0.0,train
blk_-6145698237621875335,False,False,0.0,train
blk_-8228488434309596512,False,False,0.0,train
blk_8906203213634671871,False,False,0.0,train
blk_8482590428431422891,True,False,0.0,train
blk_-2828996566187353103,False,False,0.0,train
blk_772091154632597811,False,False,0.0,train
blk_-2312147690217434210,False,False,0.0,train
blk_-6351309833986612599,False,False,0.0,train
blk_-5039128843590007903,False,False,0.0,train
blk_6077954422315381195,False,False,0.0,train
blk_4416660016226859472,False,False,0.0,train
blk_5803894113608140682,False,False,0.0,train
blk_-4399286846013888952,False,False,0.0,train
blk_2801218189631186974,False,False,0.0,train
blk_1599799993385491920,False,False,0.0,train
blk_-2662935357565476291,False,False,0.0,train
blk_-4292103160769565108,False,False,0.0,train
blk_-7375971436657227021,False,False,0.0,train
blk_-5151714183399086516,False,False,0.0001,train
blk_-4069602769444643005,False,False,0.0001,train
blk_-6899032568103917580,False,False,0.0,train
blk_-4296171014141925719,False,False,0.0,train
blk_-7831665753665975065,False,False,0.0,train
blk_5884950680255995064,False,False,0.0,train
blk_-9160124113518814252,False,False,0.0,train
blk_-3876575027880456041,False,False,0.0,train
blk_8579301465840265748,False,False,0.0,train
blk_7196328834103783317,False,False,0.0,train
blk_-3431456343870913603,False,False,0.0,train
blk_5087957844448820410,False,False,0.0,train
blk_-8768530263404097174,False,False,0.0,train
blk_9003215120101901701,False,False,0.0,train
blk_6085008237835595770,False,False,0.0,train
blk_3161047852969754500,False,False,0.0,train
blk_3091706019883730194,False,False,0.0,train
blk_-2832258347628037902,False,False,0.0,train
blk_5307863097968695533,False,False,0.0,train
blk_-579646444174856708,False,False,0.0,train
blk_8603591900851525088,True,False,0.0,train
blk_1573881407620578711,False,False,0.0,train
blk_5287451148791451910,False,False,0.0,train
blk_-4432457328315453349,False,False,0.0,train
blk_818537109488448922,False,False,0.0,train
blk_-687219410594546963,False,False,0.0,train
blk_6056604080643908577,False,False,0.0,train
blk_-8985949782239394588,False,False,0.0,train
blk_-8152463073954263952,False,False,0.0,train
blk_5610574676312653650,False,False,0.0,train
blk_5523156400855821070,False,False,0.0,train
blk_-4788950857776423433,False,False,0.0,train
blk_5396605528143869571,False,False,0.0,train
blk_-83065676709031724,False,False,0.0,train
blk_-255336845458712031,False,False,0.0,train
blk_4215182079622464740,False,False,0.0,train
blk_-8965228688626257540,False,False,0.0,train
blk_-8408585389435091639,False,False,0.0001,train
blk_1773982668832725796,False,False,0.0001,train
blk_-1232716733008653623,False,False,0.0,train
blk_6161685833481418747,False,False,0.0,train
blk_1092960795971700929,False,False,0.0,train
blk_-1172377736743719612,False,False,0.0,train
blk_-7260540083428788101,False,False,0.0,train
blk_6774601527177062062,False,False,0.0,train
blk_377618740330978260,False,False,0.0,train
blk_4024073501975455074,False,False,0.0,train
blk_4343924546874236222,False,False,0.0,train
blk_1708853254252682850,False,False,0.0,train
blk_5416743790398445477,False,False,0.0,train
blk_1550325006350637554,False,False,0.0,train
blk_7158117119124673246,False,False,0.0,train
blk_5435795890716266026,False,False,0.0,train
blk_3355583568782545298,False,False,0.0,train
blk_-9014358123780922562,False,False,0.0,train
blk_-4765926974911946277,False,False,0.0,train
blk_921191207157592635,False,False,0.0,train
blk_-8091500692725856178,False,False,0.0,train
blk_7221391155290050682,False,False,0.0001,train
blk_-4147254060276276230,False,False,0.0,train
blk_1490688748544451537,False,False,0.0,train
blk_-905420327780628422,False,False,0.0,train
blk_-702914669824490768,False,False,0.0,train
blk_-6763047286842112294,False,False,0.0,train
blk_-6435553748797995900,False,False,0.0,train
blk_8770179656047245761,False,False,0.0,train
blk_-1671908550880445633,False,False,0.0,train
blk_-7644485990528150829,False,False,0.0,train
blk_6451671367135362720,False,False,0.0,train
blk_-6109888848472168395,False,False,0.0,train
blk_2519867749497411393,False,False,0.0,train
blk_-4818966791050854421,False,False,0.0,train
blk_-5803589503683257903,False,False,0.0,train
blk_-4988292905194043694,False,False,0.0,train
blk_773876666265973347,False,False,0.0,train
blk_7244664705245092357,False,False,0.0,train
blk_-2319685221225432975,False,False,0.0,train
blk_-534567803364321832,False,False,0.0,train
blk_2377046827443319368,False,False,0.0,train
blk_2816172732202486923,False,False,0.0,train
blk_-1868015545055942226,False,False,0.0,train
blk_2514531255881471188,False,False,0.0,train
blk_-2413878595077242663,False,False,0.0,train
blk_-6451957660770917899,False,False,0.0,train
blk_-5281652609560910153,False,False,0.0,train
blk_-8916560322184963168,False,False,0.0,train
blk_-4643267524444904764,False,False,0.0,train
blk_-2223743786532653404,False,False,0.0,train
blk_6283031206129261402,False,False,0.0,train
blk_-4522674214885249351,False,False,0.0,train
blk_-7915574042531143310,False,False,0.0001,train
blk_9042348424950806432,False,False,0.0,train
blk_7660061323639306636,False,False,0.0,train
blk_3598098443329376447,False,False,0.0,train
blk_3529167026944955580,False,False,0.0,train
blk_9012812621571621393,False,False,0.0,train
blk_7329555279485153857,False,False,0.0,train
blk_8391756464112244215,False,False,0.0,train
blk_52962730199228054,False,False,0.0,train
blk_1263821186434394299,False,False,0.0,train
blk_-522411459886268103,False,False,0.0,train
blk_7660023273109905151,False,False,0.0,train
blk_-3133403702878715474,False,False,0.0,train
blk_2013325748856732111,True,False,0.0,train
blk_5328707233719373029,False,False,0.0,train
blk_-3024092045386925634,False,False,0.0,train
blk_-4093911052867262422,False,False,0.0,train
blk_7969503050474875700,False,False,0.0,train
blk_6065044231207119942,False,False,0.0,train
blk_2074085795246532847,False,False,0.0,train
blk_-5423513854422420312,False,False,0.0,train
blk_8751448391372717220,False,False,0.0,train
blk_3145084776540768608,False,False,0.0,train
blk_-503792432850915495,False,False,0.0,train
blk_8729162853545308118,True,False,0.0,train
blk_-5965876303758897519,False,False,0.0,train
blk_-8495497618534328697,False,False,0.0,train
blk_2143803960542795279,False,False,0.0,train
blk_-8966161645824818707,False,False,0.0,train
blk_4367800033260794525,False,False,0.0,train
blk_-5337994755640289830,True,False,0.0,train
blk_-6877771159587042468,False,False,0.0,train
blk_-2280258658266411934,False,False,0.0,train
blk_7879756125916401833,False,False,0.0,train
blk_-8288158188551869111,False,False,0.0,train
blk_3224840506115243705,False,False,0.0,train
blk_6129688752872053968,False,False,0.0,train
blk_5723629486203908816,False,False,0.0,train
blk_9010172791348579514,False,False,0.0,train
blk_9172574816502780128,False,False,0.0,train
blk_3762366616652794081,False,False,0.0,train
blk_219521890557687410,False,False,0.0,train
blk_3932164532372485447,False,False,0.0,train
blk_2207505383141413278,False,False,0.0,train
blk_-2506843086549234219,False,False,0.0,train
blk_853905232645675499,False,False,0.0,train
blk_4500192800512255692,False,False,0.0001,train
blk_-3911044501521217199,False,False,0.0,train
blk_-8344369764096766543,False,False,0.0,train
blk_-8165149451366912526,False,False,0.0,train
blk_1592457460876251375,False,False,0.0,train
blk_-6963879374264137757,False,False,0.0,train
blk_7848878019274417370,False,False,0.0,train
blk_-7676598480675454792,False,False,0.0,train
blk_4693129335578226474,False,False,0.0,train
blk_2706128290690873650,False,False,0.0,train
blk_-6047688258013815286,False,False,0.0,train
blk_5165801969915470204,False,False,0.0,train
blk_778180702863802494,False,False,0.0,train
blk_-4049878569660019316,False,False,0.0,train
blk_-4961369352737833646,False,False,0.0,train
blk_-2459117549877491807,False,False,0.0,train
blk_2184883463130872486,False,False,0.0,train
blk_3120520921832425666,False,False,0.0,train
blk_7946935699456709525,False,False,0.0,train
blk_-5528113440193562958,False,False,0.0,train
blk_-7678475058431153610,False,False,0.0,train
blk_7244324659620401027,False,False,0.0,train
blk_-4704451547769328589,False,False,0.0,train
blk_7523193419675083274,True,False,0.0,train
blk_8770045048857756043,False,False,0.0,train
blk_-104087085791207724,False,False,0.0001,train
blk_-7509001624708352080,False,False,0.0,train
blk_-8059891145453838909,False,False,0.0,train
blk_-4571080286260880200,False,False,0.0,train
blk_-7362312881779468190,False,False,0.0,train
blk_-4819161109439334498,False,False,0.0,train
blk_-6689614308409336057,True,False,0.0,train
blk_-6262048896829045189,False,False,0.0,train
blk_-9152983975288319088,False,False,0.0,train
blk_-172248312619507492,False,False,0.0,train
blk_3081790587987964865,False,False,0.0,train
blk_142587055947206449,False,False,0.0,train
blk_-3043861027862076957,False,False,0.0,train
blk_-6366010944729120397,False,False,0.0,train
blk_-2296590692202564606,False,False,0.0,train
blk_-6955331982797412183,False,False,0.0,train
blk_-6080475336943888471,False,False,0.0,train
blk_-6685610835362900837,False,False,0.0,train
blk_4196254058785164188,False,False,0.0,train
blk_27168498893201242,False,False,0.0,train
blk_1609421853139927098,False,False,0.0,train
blk_7500817310068380423,False,False,0.0,train
blk_1763907258501437751,False,False,0.0,train
blk_-4756691189199606845,False,False,0.0,train
blk_-7877075246137598122,False,False,0.0,train
blk_-2360022432487784826,False,False,0.0,train
blk_-5353172111459521112,False,False,0.0,train
blk_-7311877763840212450,False,False,0.0,train
blk_-140358256609686612,False,False,0.0001,train
blk_-4458222463551289898,False,False,0.0,train
blk_-4969235823780020247,False,False,0.0,train
blk_1671779663447174401,True,False,0.0,train
blk_-6653557694518759805,False,False,0.0,train
blk_-4355053474202635058,False,False,0.0,train
blk_2829796248143905484,False,False,0.0,train
blk_1570581070249347139,False,False,0.0,train
blk_8105610287489451552,False,False,0.0,train
blk_7688023007693766011,False,False,0.0,train
blk_-3414702188874363950,False,False,0.0,train
blk_-1192131400590783935,False,False,0.0,train
blk_2810430719974764986,False,False,0.0,train
blk_-429810545636837749,False,False,0.0,train
blk_1980388172040581646,False,False,0.0,train
blk_847418696961406650,False,False,0.0,train
blk_-820350698742608250,False,False,0.0,train
blk_-4250224019694147022,False,False,0.0,train
blk_4853969775470696341,False,False,0.0,train
blk_8145984793403459836,False,False,0.0,train
blk_-9095569357761706870,False,False,0.0,train
blk_-8314364179885729801,False,False,0.0,train
blk_-9156885882020120324,False,False,0.0,train
blk_3976904143893308751,False,False,0.0,train
blk_-2217337663495438507,False,False,0.0,train
blk_8353096851339684511,False,False,0.0001,train
blk_3433107635493864473,False,False,0.0,train
blk_-1698212893538574436,False,False,0.0,train
blk_-1556573469142991699,False,False,0.0,train
blk_-2280738926777462482,False,False,0.0,train
blk_3297598274644123915,False,False,0.0,train
blk_-6855680613076083008,False,False,0.0,train
blk_-9019980029552431200,False,False,0.0,train
blk_9024887021051404928,False,False,0.0,train
blk_5379321524485462433,False,False,0.0,train
blk_3921380110845988026,False,False,0.0,train
blk_-884504519407186748,False,False,0.0,train
blk_1876581258137720325,False,False,0.0,train
blk_6756191001627401745,False,False,0.0,train
blk_4109773370461331836,False,False,0.0,train
blk_-5704227645362474955,False,False,0.0,train
blk_2614557182454390488,False,False,0.0,train
blk_-8991914002966004726,False,False,0.0,train
blk_7006988817066821706,False,False,0.0,train
blk_-2687169637976743681,False,False,0.0,train
blk_-6549753779314452768,False,False,0.0,train
blk_3284650935096064034,False,False,0.0,train
blk_-4824991445869366991,False,False,0.0,train
blk_1261362019224683494,False,False,0.0,train
blk_6257696864079314665,False,False,0.0,train
blk_8716244237763720958,True,False,0.0,train
blk_71358664454240061,False,False,0.0,train
blk_-6883621750482762843,False,False,0.0,train
blk_-2857950700409802071,False,False,0.0,train
blk_7214885953979232621,False,False,0.0,train
blk_-7626003468311221508,False,False,0.0,train
blk_895573205224681540,False,False,0.0,train
blk_-2016462319148100939,False,False,0.0,train
blk_-1566629900358427030,False,False,0.0,train
blk_-2402004651648010398,False,False,0.0,train
blk_3151206812686960851,False,False,0.0,train
blk_5519957175448536910,False,False,0.0,train
blk_6122321441386847083,False,False,0.0,train
blk_8777422202136655045,False,False,0.0,train
blk_-5648168234757048846,False,False,0.0,train
blk_-246026268456613968,False,False,0.0,train
blk_6755015854939154786,False,False,0.0,train
blk_-6240913313403504862,False,False,0.0,train
blk_5853900137316619503,False,False,0.0,train
blk_344295897461734506,True,False,0.0,train
blk_-8550552202569216374,False,False,0.0,train
blk_1756874515302969268,False,False,0.0,train
blk_2713961931234025070,False,False,0.0,train
blk_7576500291340137580,False,False,0.0001,train
blk_-2699087140355319516,False,False,0.0,train
blk_-7063017458283012347,False,False,0.0,train
blk_6815910471562726133,False,False,0.0,train
blk_251253676484915451,False,False,0.0,train
blk_2913022780003054060,False,False,0.0,train
blk_559354390227065499,False,False,0.0,train
blk_7624916180150944740,False,False,0.0,train
blk_-2297107294057360292,False,False,0.0,train
blk_-1526054227803718525,False,False,0.0,train
blk_6778948312309528424,True,False,0.0,train
blk_3157730981463741414,False,False,0.0,train
blk_-4220062776581335697,False,False,0.0,train
blk_40178224537000875,False,False,0.0,train
blk_7320609065074060400,False,False,0.0,train
blk_2411106624502783317,False,False,0.0,train
blk_-800622121569571679,False,False,0.0,train
blk_-7672156841616524772,False,False,0.0,train
blk_1005764473802773954,False,False,0.0,train
blk_107679466757866349,False,False,0.0,train
blk_-7915807112303457006,False,False,0.0,train
blk_-6519654768909987052,False,False,0.0,train
blk_1600922989219362856,False,False,0.0,train
blk_6073926273468114352,False,False,0.0,train
blk_-8298739168666443681,False,False,0.0,train
blk_-5828680349927396673,False,False,0.0,train
blk_8838373295078992689,False,False,0.0,train
blk_-6655959078707447485,False,False,0.0,train
blk_-7333092054746368887,False,False,0.0,train
blk_-1610188518003877647,False,False,0.0,train
blk_-3794507541650505252,False,False,0.0,train
blk_-8390239296930701271,False,False,0.0,train
blk_-6501657336333033287,False,False,0.0,train
blk_-8351324667986910703,False,False,0.0,train
blk_-2686641434021601107,False,False,0.0,train
blk_-2220859835087186790,False,False,0.0,train
blk_-437445126274247464,False,False,0.0,train
blk_-8370948403322920698,False,False,0.0,train
blk_2224907527715374983,False,False,0.0,train
blk_8386398624953355071,False,False,0.0,train
blk_-3755467135169516445,False,False,0.0,train
blk_4579126408496000412,False,False,0.0,train
blk_3019287001811872621,False,False,0.0,train
blk_-8107734498038945076,False,False,0.0,train
blk_-1847405483971232525,False,False,0.0,train
blk_5850743196591433560,False,False,0.0,train
blk_-6118708449788908728,False,False,0.0,train
blk_-4245144137165916733,False,False,0.0,train
blk_-5718566902774898133,False,False,0.0,train
blk_-4372782340315157578,False,False,0.0,train
blk_9202404868120642434,False,False,0.0,train
blk_-7800707847661743046,False,False,0.0,train
blk_-514432457196518151,False,False,0.0,train
blk_-6718797860845987198,False,False,0.0,train
blk_9139290401737745980,False,False,0.0,train
blk_7682893831399115890,False,False,0.0,train
blk_-283179121260992987,False,False,0.0,train
blk_-3060996491652485702,False,False,0.0,train
blk_-158622295347645566,False,False,0.0,train
blk_-3768660671303210170,False,False,0.0,train
blk_6289736215250399438,False,False,0.0,train
blk_6211958327989273707,False,False,0.0,train
blk_-1654072451124467407,False,False,0.0,train
blk_-8875853476597140925,False,False,0.0,train
blk_447524195489451623,False,False,0.0,train
blk_-3123380318340518714,False,False,0.0,train
blk_-1985149861733685096,False,False,0.0,train
blk_3315047161001772510,False,False,0.0,train
blk_-1111414103292395924,False,False,0.0,train
blk_6657174239119894644,False,False,0.0,train
blk_5167296799288638509,False,False,0.0,train
blk_-5570549536551886229,False,False,0.0001,train
blk_-4575945680498324254,False,False,0.0,train
blk_-3620130116081708382,False,False,0.0,train
blk_-4830167090961967482,False,False,0.0,train
blk_-1716421030715354338,False,False,0.0,train
blk_-5917814347183484793,False,False,0.0,train
blk_7516861970835508319,False,False,0.0,train
blk_-431410035249724892,False,False,0.0,train
blk_6193328680008897082,False,False,0.0,train
blk_5853420733337427946,False,False,0.0,train
blk_4357939960446746871,False,False,0.0,train
blk_-3783593332169000834,False,False,0.0,train
blk_-3883105563868090428,False,False,0.0,train
blk_8338938300524612323,False,False,0.0,train
blk_4887137470554709738,False,False,0.0,train
blk_-8936272065619965543,False,False,0.0,train
blk_6771618172519331014,False,False,0.0,train
blk_-8991036737161674736,False,False,0.0,train
blk_-8810482657786525608,False,False,0.0,train
blk_5795812610742480165,False,False,0.0,train
blk_-7728911370677562061,False,False,0.0,train
blk_749936523660590443,False,False,0.0,train
blk_-6644278109849772092,False,False,0.0,train
blk_1347177590369994671,False,False,0.0,train
blk_-4896140359414230985,False,False,0.0,train
blk_3151027788376722850,False,False,0.0,train
blk_-4544790754104531975,False,False,0.0,train
blk_4571694201145773221,False,False,0.0,train
blk_255245908999733348,False,False,0.0,train
blk_4781267590044428130,False,False,0.0,train
blk_6299601060562277410,False,False,0.0,train
blk_-5311661871369312306,False,False,0.0,train
blk_6207205291466497895,False,False,0.0,train
blk_-8291673381370801454,False,False,0.0,train
blk_5946442458287052742,False,False,0.0,train
blk_-8906299271772802557,False,False,0.0,train
blk_-8215836495994996145,False,False,0.0,train
blk_7918827947769550930,False,False,0.0,train
blk_7963903429672169952,False,False,0.0,train
blk_1026927458537215957,False,False,0.0,train
blk_4588931038443125482,False,False,0.0,train
blk_-4690715941677619474,False,False,0.0,train
blk_-3889190188835226987,False,False,0.0,train
blk_2703171498968003133,False,False,0.0,train
blk_8834798433764753771,False,False,0.0,train
blk_-6946479245250719763,False,False,0.0,train
blk_-6003485234128709065,False,False,0.0,train
blk_4562181774475561281,False,False,0.0,train
blk_5198360049421901854,False,False,0.0,train
blk_1769784888228461388,False,False,0.0,train
blk_-2712345717904429729,False,False,0.0,train
blk_3775375435301411733,False,False,0.0,train
blk_6895841870911683124,False,False,0.0,train
blk_-5279881996242163534,False,False,0.0,train
blk_-5851674849910133238,False,False,0.0,train
blk_1329134914737185064,False,False,0.0,train
blk_-4385381166285131937,False,False,0.0,train
blk_3794317127404700707,False,False,0.0,train
blk_7153968877299193907,False,False,0.0,train
blk_4079926698790712684,False,False,0.0,train
blk_1689058846137142795,False,False,0.0,train
blk_531934870539821181,False,False,0.0,train
blk_-481400728777615591,False,False,0.0,train
blk_1953622280671062946,False,False,0.0,train
blk_-6213697702703799581,False,False,0.0,train
blk_2282881086791853417,False,False,0.0001,train
blk_-5217435310743637551,False,False,0.0,train
blk_6584943090381348051,False,False,0.0,train
blk_-2744021066218325984,False,False,0.0,train
blk_-2736022078166569567,False,False,0.0,train
blk_-1104018361361325945,False,False,0.0,train
blk_-8155409043034871623,False,False,0.0,train
blk_-5006915006478235225,False,False,0.0,train
blk_-311226655024757200,False,False,0.0,train
blk_8614600531165476766,False,False,0.0,train
blk_-8695658957781561390,False,False,0.0,train
blk_4860837911909331221,False,False,0.0,train
blk_-8903847004512332654,False,False,0.0,train
blk_-3304629641133482436,False,False,0.0,train
blk_4991576130712893655,False,False,0.0,train
blk_-8341102018333037248,False,False,0.0,train
blk_-4187354324048472434,False,False,0.0,train
blk_2294600790656816655,False,False,0.0,train
blk_-5550110560845733041,False,False,0.0,train
blk_-2590057905078537066,False,False,0.0,train
blk_2889864046932891189,False,False,0.0,train
blk_-6827729305666498601,False,False,0.0,train
blk_1941823730857083799,False,False,0.0,train
blk_993316727245644324,False,False,0.0,train
blk_8975784420855095283,True,False,0.0,train
blk_1175768053199292894,False,False,0.0001,train
blk_3563903330975658136,False,False,0.0,train
blk_-5594513084694337919,False,False,0.0,train
blk_-7875346305829102659,False,False,0.0,train
blk_4262723691885942076,False,False,0.0,train
blk_-7013689736038876670,False,False,0.0,train
blk_312212655746919643,False,False,0.0,train
blk_3371646488413714176,False,False,0.0,train
blk_845619111872659887,False,False,0.0,train
blk_-6188096011488092601,False,False,0.0,train
blk_268470489245494373,False,False,0.0,train
blk_3174751483965949562,True,False,0.0,train
blk_349812172747126563,False,False,0.0,train
blk_-8597797659458276328,False,False,0.0,train
blk_-4577498378909664287,False,False,0.0,train
blk_7541034627267962761,False,False,0.0,train
blk_-4577193670204126134,False,False,0.0,train
blk_7267150903868949897,False,False,0.0,train
blk_1503837712781706209,False,False,0.0,train
blk_2819072101497310021,False,False,0.0,train
blk_-2968846073651305677,False,False,0.0,train
blk_-524865203244529196,False,False,0.0,train
blk_-1749022762966269981,False,False,0.0,train
blk_-789121331302408582,False,False,0.0,train
blk_321836615356633577,False,False,0.0,train
blk_-5934606163012420836,False,False,0.0,train
blk_3733773024533525840,False,False,0.0,train
blk_-3462163259599187733,False,False,0.0,train
blk_3969144456150911517,False,False,0.0,train
blk_7163550077698750164,False,False,0.0,train
blk_3169038892931358557,False,False,0.0,train
blk_-5355223559069469409,False,False,0.0,train
blk_-2802430458716469962,False,False,0.0,train
blk_-4842669713490791548,False,False,0.0,train
blk_-6571129720844137953,False,False,0.0,train
blk_-1642472372717781799,False,False,0.0,train
blk_9030118082126734881,False,False,0.0,train
blk_1496301526161628664,False,False,0.0,train
blk_3055843674966143590,False,False,0.0,train
blk_5446371895143623271,False,False,0.0,train
blk_-4753783660294567604,False,False,0.0,train
blk_4986555305252331163,False,False,0.0,train
blk_-8664994210876032912,False,False,0.0,train
blk_2180069557108728680,False,False,0.0,train
blk_6831971243237705547,False,False,0.0,train
blk_-8854582580171527305,False,False,0.0,train
blk_-5934958579674044791,False,False,0.0,train
blk_7862592195173981493,False,False,0.0,train
blk_6979128206048921089,False,False,0.0,train
blk_-6433706936017306230,False,False,0.0,train
blk_-5514942156586026966,False,False,0.0,train
blk_3867444311364181906,False,False,0.0,train
blk_5479991025666274622,False,False,0.0,train
blk_-6008212789376677736,False,False,0.0,train
blk_-2204995146652735082,False,False,0.0,train
blk_-5748259780611159029,False,False,0.0,train
blk_-7181160693513998036,False,False,0.0,train
blk_-1344414382455035258,False,False,0.0,train
blk_-732463388474186015,False,False,0.0,train
blk_4679322380252553937,False,False,0.0,train
blk_7258101505391955834,False,False,0.0,train
blk_-7144841706108220450,False,False,0.0,train
blk_-4498718512656070135,False,False,0.0,train
blk_-196178117814803129,False,False,0.0,train
blk_7979530908623929954,False,False,0.0,train
blk_7743660680532172135,False,False,0.0,train
blk_-3661623768626996631,False,False,0.0,train
blk_476429298830481026,False,False,0.0,train
blk_-8210880014890305322,False,False,0.0,train
blk_-8106969326376998931,False,False,0.0,train
blk_474044117360742478,False,False,0.0,train
blk_83011911604328233,False,False,0.0,train
blk_4473835583613406812,False,False,0.0,train
blk_6051183265899502163,True,False,0.0,train
blk_6449160132965780136,False,False,0.0,train
blk_-3333903306891190500,False,False,0.0,train
blk_6921127881436122084,False,False,0.0,train
blk_-1274514892905775991,False,False,0.0,train
blk_-582384707477004046,False,False,0.0,train
blk_6544815474461006180,False,False,0.0,train
blk_-8426566918839220582,False,False,0.0,train
blk_8922692504150928377,True,False,0.0,train
blk_8712776057604649132,False,False,0.0,train
blk_1403510496212632306,False,False,0.0,train
blk_-1845560243503114327,False,False,0.0,train
blk_1107186981624229499,False,False,0.0,train
blk_-4583875608071331457,False,False,0.0,train
blk_4298455669642651545,False,False,0.0,train
blk_8078643219945400073,False,False,0.0,train
blk_6631086113361619453,False,False,0.0,train
blk_6769053268159588478,False,False,0.0,train
blk_-6258885270084779885,False,False,0.0,train
blk_5528835497664878134,False,False,0.0,train
blk_-4820700464576375874,False,False,0.0,train
blk_448592873889985922,True,False,0.0,train
blk_6876787129082578677,False,False,0.0,train
blk_135831840003655092,False,False,0.0,train
blk_-7830755405319927223,False,False,0.0,train
blk_8444270519748148509,False,False,0.0,train
blk_-7531008357806948129,False,False,0.0,train
blk_-8281616190989371437,False,False,0.0,train
blk_7125954578896252242,False,False,0.0,train
blk_5621944039333389636,False,False,0.0,train
blk_-4869289116251462098,False,False,0.0,train
blk_-1240277292298593417,False,False,0.0,train
blk_785021013468554859,False,False,0.0,train
blk_-5116938869600466945,False,False,0.0,train
blk_5383809695286867739,False,False,0.0,train
blk_2926607281908304549,False,False,0.0,train
blk_-5072585453445081292,False,False,0.0,train
blk_-2950118682200721285,False,False,0.0,train
blk_3684520273531547716,False,False,0.0,train
blk_5725888601974460806,False,False,0.0,train
blk_-3638528469418831488,False,False,0.0,train
blk_6738735137136081754,False,False,0.0,train
blk_8573325734964424286,False,False,0.0,train
blk_3031466178784688148,False,False,0.0,train
blk_-6231180371341179448,False,False,0.0,train
blk_-4626662480734473539,False,False,0.0,train
blk_-3899282670580336902,False,False,0.0,train
blk_3363208944509413217,False,False,0.0,train
blk_-3225530536565420283,False,False,0.0,train
blk_3447858399867267931,False,False,0.0,train
blk_2606274613972693951,False,False,0.0,train
blk_-8246722475873613265,False,False,0.0,train
blk_-3290270444254552155,False,False,0.0,train
blk_7183130434977249731,False,False,0.0,train
blk_-5855948009120163806,False,False,0.0,train
blk_1841228303075962145,False,False,0.0,train
blk_8230592975285677144,False,False,0.0,train
blk_7026301335656234995,False,False,0.0,train
blk_-3606303039975641380,False,False,0.0,train
blk_-7947755597886284781,False,False,0.0,train
blk_5686050786173308519,False,False,0.0,train
blk_2290021749972801665,False,False,0.0,train
blk_-3821960786903365074,False,False,0.0,train
blk_-4389775873434598970,False,False,0.0,train
blk_-2221822678673544645,False,False,0.0,train
blk_6341023401568408656,False,False,0.0,train
blk_3898641791288866156,False,False,0.0,train
blk_-3484009776160541036,False,False,0.0,train
blk_5802422621813160452,False,False,0.0,train
blk_2469689119699068840,False,False,0.0,train
blk_-3550303389612473663,False,False,0.0,train
blk_-2146662066189853635,False,False,0.0,train
blk_-2929283588547827425,False,False,0.0,train
blk_-7058474946341364348,False,False,0.0,train
blk_350696426895410369,False,False,0.0,train
blk_369184544436845231,False,False,0.0,train
blk_-3980882089409773867,False,False,0.0,train
blk_7549882243733033545,False,False,0.0,train
blk_1430759093635874652,False,False,0.0,train
blk_-6588618799865695917,False,False,0.0,train
blk_3355205899519577761,False,False,0.0,train
blk_-2913780377423623379,False,False,0.0,train
blk_7059235214917384755,False,False,0.0,train
blk_4738317170977065501,False,False,0.0,train
blk_5676517920544417796,False,False,0.0,train
blk_8544418143895980388,False,False,0.0,train
blk_8883421416344642148,False,False,0.0,train
blk_1146108147655652505,False,False,0.0,train
blk_-6502706664388248553,False,False,0.0,train
blk_-969190816816063861,False,False,0.0,train
blk_2409778619665564542,False,False,0.0,train
blk_476595628397429887,False,False,0.0,train
blk_-5131129888377167,False,False,0.0,train
blk_8285247697336013369,False,False,0.0,train
blk_8871210583899344330,False,False,0.0,train
blk_-8844648831553115168,False,False,0.0,train
blk_6173366077230028402,False,False,0.0,train
blk_2179395451253950495,False,False,0.0,train
blk_-3534948072600775762,False,False,0.0,train
blk_2377186251021196923,False,False,0.0,train
blk_-3582909110816085931,False,False,0.0,train
blk_-196461431859144246,False,False,0.0,train
blk_1044196560349460645,False,False,0.0,train
blk_1301700854821355647,False,False,0.0,train
blk_6874138802078044800,False,False,0.0,train
blk_8876623957882427606,False,False,0.0,train
blk_-6740367283071055571,False,False,0.0,train
blk_-2511678286431987962,False,False,0.0,train
blk_-3432811463524025167,False,False,0.0,train
blk_7865818174831484581,True,False,0.0,train
blk_4240421695022555427,False,False,0.0,train
blk_1113822473565022381,False,False,0.0,train
blk_-6749547417402991428,False,False,0.0,train
blk_-4429475316355056854,False,False,0.0,train
blk_-8232805807553023433,False,False,0.0,train
blk_-6927290034341353814,False,False,0.0,train
blk_8892946833207246710,False,False,0.0,train
blk_2647548753132275134,False,False,0.0,train
blk_-8847255097709612072,False,False,0.0,train
blk_8538418382611596591,False,False,0.0,train
blk_-7129938157641579552,False,False,0.0,train
blk_512363147112021223,False,False,0.0,train
blk_-6127962985416837806,False,False,0.0,train
blk_-784142585798609041,False,False,0.0,train
blk_-5557105176152778802,False,False,0.0,train
blk_-7726798057831307366,False,False,0.0,train
blk_-8989637111546486768,False,False,0.0,train
blk_2428203400044134850,False,False,0.0,train
blk_2574157846622519279,False,False,0.0,train
blk_-2382389751032389929,False,False,0.0,train
blk_8843850507001373378,False,False,0.0,train
blk_-6124450708379864613,False,False,0.0,train
blk_266050041847888654,False,False,0.0,train
blk_6458675875817635390,False,False,0.0,train
blk_-7499677793330381206,False,False,0.0,train
blk_-6520030462660619051,False,False,0.0,train
blk_-1949968870137262354,False,False,0.0,train
blk_6481102757461949828,False,False,0.0,train
blk_75213687481863239,False,False,0.0,train
blk_4685864904040870678,False,False,0.0,train
blk_-4940431983319536262,False,False,0.0,train
blk_5696371105071535054,False,False,0.0,train
blk_2544340128461285107,False,False,0.0,train
blk_5360535177585557321,False,False,0.0,train
blk_3463356181318432630,False,False,0.0,train
blk_-8183397569667931145,False,False,0.0,train
blk_5314913134402471606,False,False,0.0,train
blk_-369649684052371500,False,False,0.0,train
blk_-1660256537217386052,False,False,0.0,train
blk_-7827099936537135850,False,False,0.0,train
blk_7931027618406555566,False,False,0.0,train
blk_3830916988813987029,False,False,0.0,train
blk_5121865123795875693,False,False,0.0,train
blk_7187385588213969863,False,False,0.0,train
blk_4690761409986890576,False,False,0.0,train
blk_-5486806594361556790,False,False,0.0,train
blk_259221690676619372,False,False,0.0,train
blk_-8945247159430197854,False,False,0.0,train
blk_-3198534009339771093,False,False,0.0,train
blk_1079062196178133512,False,False,0.0,train
blk_5879148549241011453,False,False,0.0,train
blk_4281276703174061744,False,False,0.0,train
blk_-8841946190908468736,False,False,0.0,train
blk_-4853591198624003599,False,False,0.0,train
blk_-6541926024237959879,False,False,0.0,train
blk_-1562349907678845317,False,False,0.0,train
blk_-3634129476677736855,False,False,0.0,train
blk_6142121585577592304,False,False,0.0,train
blk_7781969598240387068,False,False,0.0,train
blk_8750997530106786888,True,False,0.0,train
blk_-2236131320508581157,False,False,0.0,train
blk_-3066395560806105042,False,False,0.0,train
blk_8436884996754537406,False,False,0.0,train
blk_6637461720665118296,False,False,0.0,train
blk_-6064387680059666120,False,False,0.0,train
blk_9139736021300310875,False,False,0.0,train
blk_718923348939574516,False,False,0.0,train
blk_-7261016699776316248,True,False,0.0,train
blk_-8564887612605221745,False,False,0.0,train
blk_-3390831806322240721,False,False,0.0,train
blk_6065529398204438451,False,False,0.0,train
blk_6048903559150060297,False,False,0.0,train
blk_-5747789193163827795,False,False,0.0,train
blk_-21511055669303938,False,False,0.0,train
blk_-6518874316130635814,False,False,0.0,train
blk_-1024111666072608860,False,False,0.0,train
blk_-7720435481286742707,False,False,0.0,train
blk_-7558405665651817421,False,False,0.0,train
blk_3206591630924866263,False,False,0.0,train
blk_-8717408177813991125,False,False,0.0,train
blk_-7064818026825325080,False,False,0.0,train
blk_-6853141743423548732,False,False,0.0,train
blk_7409100024045179646,True,False,0.0,train
blk_-6611443712943925985,False,False,0.0,train
blk_-6220004753645739802,False,False,0.0,train
blk_-2204565043490841052,False,False,0.0,train
blk_4360614458265238761,False,False,0.0,train
blk_-7693360519127908310,False,False,0.0,train
blk_7277386080338318562,False,False,0.0,train
blk_-256987950024366553,False,False,0.0,train
blk_-6952295868487656571,False,False,0.0,train
blk_4108188233306563869,False,False,0.0,train
blk_3523500992415372662,False,False,0.0,train
blk_-7994532048860001059,False,False,0.0,train
blk_1126185031544938129,False,False,0.0,train
blk_-3535745697875280072,False,False,0.0,train
blk_4281421419951825346,False,False,0.0,train
blk_-9162656199001154940,False,False,0.0,train
blk_2036925106357831642,False,False,0.0,train
blk_5468541794269890255,False,False,0.0,train
blk_6234382026295468952,False,False,0.0,train
blk_5890146161807657166,False,False,0.0,train
blk_-1960867505998358789,False,False,0.0,train
blk_-2942348081186881566,False,False,0.0,train
blk_5038240079088975938,False,False,0.0,train
blk_-7474012484907592424,False,False,0.0,train
blk_-5758400055570531686,False,False,0.0,train
blk_7625398605863794410,False,False,0.0,train
blk_6904892502923938951,False,False,0.0,train
blk_-6003146599249402798,False,False,0.0,train
blk_-1947190431040168717,False,False,0.0,train
blk_4894604749909493419,False,False,0.0,train
blk_-6304142085174265203,False,False,0.0,train
blk_-4989632151902114092,False,False,0.0,train
blk_4632581286229128494,False,False,0.0,train
blk_-5704207942264656243,False,False,0.0,train
blk_3644589028179739497,False,False,0.0,train
blk_-4545249265623052954,False,False,0.0,train
blk_1288151332965298521,False,False,0.0,train
blk_-8157058036207611910,False,False,0.0,train
blk_3675551156013406164,False,False,0.0,train
blk_-4336696823570809101,False,False,0.0,train
blk_-6343486872402960301,False,False,0.0,train
blk_-198164242451546164,False,False,0.0,train
blk_2897359511663799170,False,False,0.0,train
blk_3202793887240026498,False,False,0.0,train
blk_-3177524613160405610,False,False,0.0,train
blk_-6655966220924532449,False,False,0.0,train
blk_3146336002919263055,False,False,0.0,train
blk_4200831749650787744,False,False,0.0,train
blk_-8616195155998656568,False,False,0.0,train
blk_-2812142493519080162,False,False,0.0,train
blk_-5848306973659921501,False,False,0.0,train
blk_-1458875489312605225,False,False,0.0,train
blk_1520817668331526404,False,False,0.0,train
blk_-4025403648467660366,False,False,0.0,train
blk_-5601357084064732228,False,False,0.0,train
blk_5283134960555549953,False,False,0.0,train
blk_8557704975404589049,False,False,0.0,train
blk_8746861103856581409,False,False,0.0,train
blk_4993285353249707081,False,False,0.0,train
blk_-4613596993997604897,False,False,0.0,train
blk_-5357165444811048723,False,False,0.0,train
blk_-3052431536932607735,False,False,0.0,train
blk_-4577192798445174452,False,False,0.0,train
blk_59685957914152811,False,False,0.0,train
blk_-3732170362550357185,False,False,0.0,train
blk_5291299873919879108,False,False,0.0,train
blk_-8394978123314571529,False,False,0.0,train
blk_727384415632995899,False,False,0.0,train
blk_-5941183336447065792,False,False,0.0,train
blk_-7860072815013493684,False,False,0.0,train
blk_6664251586568985738,False,False,0.0,train
blk_-8111755175278120764,False,False,0.0,train
blk_6571332664694652693,False,False,0.0,train
blk_-3504225906354855761,False,False,0.0,train
blk_8108961284173445463,False,False,0.0,train
blk_2675280659010207693,False,False,0.0,train
blk_-2033526004731990730,True,False,0.0,train
blk_3002288343130146495,False,False,0.0,train
blk_5766851074090750602,False,False,0.0,train
blk_5693107986425482799,False,False,0.0,train
blk_8175851299320156871,False,False,0.0,train
blk_8183499320232702853,False,False,0.0,train
blk_6207632596595610640,False,False,0.0,train
blk_-4735114931705254565,False,False,0.0,train
blk_4656701484219983831,False,False,0.0,train
blk_2750875891098809495,False,False,0.0,train
blk_7961271969920687234,False,False,0.0,train
blk_6051030458020008448,False,False,0.0,train
blk_9036962293154594303,True,False,0.0,train
blk_-3214720873691700791,False,False,0.0,train
blk_2390944746532556340,False,False,0.0,train
blk_-4069087448078482387,False,False,0.0,train
blk_9079723482633125133,False,False,0.0,train
blk_-1748869645497411855,True,False,0.0,train
blk_989757635324841895,False,False,0.0,train
blk_1996733273985027642,False,False,0.0,train
blk_-706908840318154841,False,False,0.0,train
blk_5360473427736901336,False,False,0.0,train
blk_-5148302024746610273,False,False,0.0,train
blk_4672116650423460952,False,False,0.0,train
blk_-4125000472442683741,False,False,0.0,train
blk_-3894216558450318958,False,False,0.0,train
blk_-8335116278707491872,False,False,0.0,train
blk_-2213979973897387465,False,False,0.0,train
blk_-1115810796127545022,False,False,0.0,train
blk_-2417760904557009288,False,False,0.0,train
blk_-2294591454857120265,False,False,0.0,train
blk_-90485971640555718,False,False,0.0,train
blk_-2452869049009213649,False,False,0.0,train
blk_-3956832056423535447,False,False,0.0,train
blk_-7552081187740520352,False,False,0.0,train
blk_5194028516980543224,False,False,0.0,train
blk_6480224191171674368,False,False,0.0,train
blk_6437304974866460585,False,False,0.0,train
blk_4801444372269531206,False,False,0.0,train
blk_-8869789713178160838,False,False,0.0,train
blk_-1388696405279305133,False,False,0.0,train
blk_4966114407206237309,False,False,0.0,train
blk_7586865034669649628,False,False,0.0,train
blk_-6360186373949266757,False,False,0.0,train
blk_6783491410596416503,False,False,0.0,train
blk_8424619398612866719,True,False,0.0,train
blk_-821991238416755984,False,False,0.0,train
blk_3016799564280707404,False,False,0.0,train
blk_-7474590034781010085,False,False,0.0,train
blk_7147157059683490478,False,False,0.0,train
blk_-8461772690769403856,False,False,0.0,train
blk_2804320284643888954,False,False,0.0,train
blk_8002705850153711729,False,False,0.0,train
blk_8099636301674972800,False,False,0.0,train
blk_-2776758489500711071,False,False,0.0,train
blk_4028653978990719925,False,False,0.0,train
blk_2149686960078449150,False,False,0.0,train
blk_626769207181622620,False,False,0.0,train
blk_3996614464467767161,False,False,0.0,train
blk_-811112484793995707,False,False,0.0,train
blk_4942998120705839574,False,False,0.0,train
blk_3374227455545153867,False,False,0.0,train
blk_-7133322677099846862,False,False,0.0,train
blk_2006441249099865684,False,False,0.0,train
blk_7494566123003739045,False,False,0.0,train
blk_-1893423119954937204,False,False,0.0,train
blk_-7294206923994680767,False,False,0.0,train
blk_-4049968828783653160,False,False,0.0,train
blk_-6808110775352353634,False,False,0.0,train
blk_3684529856192373780,False,False,0.0,train
blk_7176662656252277557,False,False,0.0,train
blk_6738033634289992753,False,False,0.0,train
blk_1385529775260343422,False,False,0.0,train
blk_-2488373130522728354,False,False,0.0,train
blk_-353453293237029056,False,False,0.0,train
blk_-239834655469676319,False,False,0.0,train
blk_1449835857128821457,False,False,0.0,train
blk_4622559013277803196,False,False,0.0,train
blk_9203032438909545630,False,False,0.0,train
blk_8894842511193974023,False,False,0.0,train
blk_-9031869080435713862,False,False,0.0,train
blk_-8483652802536509962,False,False,0.0,train
blk_4775120579236194292,False,False,0.0,train
blk_-274202754073179018,False,False,0.0,train
blk_2956788515709340926,False,False,0.0,train
blk_6865374310801535775,False,False,0.0,train
blk_3678004206055698589,False,False,0.0,train
blk_-4332787501304840956,False,False,0.0,train
blk_4071082175154068150,False,False,0.0,train
blk_-336390624425593848,False,False,0.0,train
blk_2864152311022336601,False,False,0.0,train
blk_-2182486493224848917,False,False,0.0,train
blk_8322060351407912094,False,False,0.0,train
blk_-8776026722404695145,False,False,0.0,train
blk_8215417782549978040,False,False,0.0,train
blk_1141643274063438463,False,False,0.0,train
blk_-667443593123499635,False,False,0.0,train
blk_3826141471535036841,False,False,0.0,train
blk_-4755984580687769951,False,False,0.0,train
blk_3517967462343156558,False,False,0.0,train
blk_8909073982308380058,False,False,0.0,train
blk_-6095831858104001337,False,False,0.0,train
blk_7574686337110743223,False,False,0.0,train
blk_-7716715080110991402,False,False,0.0,train
blk_-545110991538511559,False,False,0.0,train
blk_-2218621196865876740,False,False,0.0,train
blk_-6251936353024753671,False,False,0.0,train
blk_-7454132674061645177,False,False,0.0,train
blk_-2665038627741237938,False,False,0.0,train
blk_535106793607016574,False,False,0.0,train
blk_7907271105957366348,False,False,0.0,train
blk_-1375722282658006873,False,False,0.0,train
blk_-1053146324713830732,False,False,0.0,train
blk_-8829547561263666289,False,False,0.0,train
blk_-4963627305227694001,False,False,0.0,train
blk_-7466682065976660128,False,False,0.0,train
blk_-3065277171028632117,False,False,0.0,train
blk_6404252731726582635,False,False,0.0,train
blk_-6265517512203116182,False,False,0.0,train
blk_4416281609730372026,False,False,0.0,train
blk_-7318231140750189710,False,False,0.0,train
blk_-6551550284641400888,False,False,0.0,train
blk_9172528747207248838,False,False,0.0,train
blk_-3409990052311056949,False,False,0.0,train
blk_7633573968959720639,False,False,0.0,train
blk_-3407084164946771837,False,False,0.0,train
blk_-4560669296456646716,True,False,0.0,train
blk_7575910878683030207,False,False,0.0,train
blk_-5333004107300651326,False,False,0.0,train
blk_-6573466268295621155,False,False,0.0,train
blk_4970230687982154070,False,False,0.0,train
blk_-1151481988356001746,False,False,0.0,train
blk_7655112125682124111,False,False,0.0,train
blk_-4750386933827377397,False,False,0.0,train
blk_-8228173669558985342,False,False,0.0,train
blk_1308819082981142619,False,False,0.0,train
blk_-2493159245727143573,False,False,0.0,train
blk_8682895962540804129,False,False,0.0,train
blk_3924913144793537081,False,False,0.0,train
blk_-2658052723988970119,False,False,0.0,train
blk_789568544104255452,False,False,0.0,train
blk_7563285821095470685,False,False,0.0,train
blk_-1787248317930052900,False,False,0.0,train
blk_2335706818912880695,False,False,0.0,train
blk_6120392738678686096,False,False,0.0,train
blk_-7424651858149715762,False,False,0.0,train
blk_540370397982004488,False,False,0.0,train
blk_-1912989678740272489,False,False,0.0,train
blk_8251359911027527969,True,False,0.0,train
blk_-4912333745151943677,False,False,0.0,train
blk_7884158892263724876,False,False,0.0,train
blk_-7966868634944812661,False,False,0.0,train
blk_4105256862540579696,False,False,0.0,train
blk_-5747493252772214296,False,False,0.0,train
blk_7091565448870923095,False,False,0.0,train
blk_-2275470483066337873,False,False,0.0,train
blk_-5270113544917419046,False,False,0.0,train
blk_5817800461472465612,False,False,0.0,train
blk_6248201933083906394,False,False,0.0,train
blk_3355706913431148022,False,False,0.0,train
blk_-6163067990298638325,False,False,0.0,train
blk_-6851162362804047466,False,False,0.0,train
blk_-4419890609008597867,False,False,0.0,train
blk_7268649045879732129,False,False,0.0,train
blk_-6058147411572401392,False,False,0.0,train
blk_-7985415248440048381,False,False,0.0,train
blk_-2526202700678875466,False,False,0.0,train
blk_202952661871988334,False,False,0.0,train
blk_-3960585351579925665,False,False,0.0,train
blk_-387741725893514538,False,False,0.0,train
blk_-4166335129142701653,False,False,0.0,train
blk_-2243197970814107671,False,False,0.0,train
blk_3033677641282257281,False,False,0.0,train
blk_7151400487387175104,False,False,0.0,train
blk_-2283906241828318320,False,False,0.0,train
blk_9214796566095378408,True,False,0.0,train
blk_3730957918505854557,False,False,0.0,train
blk_4212253484374585368,False,False,0.0,train
blk_3505012977531969995,False,False,0.0,train
blk_-516678925512502105,False,False,0.0,train
blk_-7229615939766166984,False,False,0.0,train
blk_7425876517414299070,False,False,0.0,train
blk_-4454015458360392650,False,False,0.0,train
blk_-7113962640442318398,False,False,0.0,train
blk_4740839195846469992,False,False,0.0,train
blk_-1031834453037353701,False,False,0.0,train
blk_2518858064801537408,False,False,0.0,train
blk_8533076494413134776,False,False,0.0,train
blk_-2388311246798576509,True,False,0.0,train
blk_-7550750096720658402,False,False,0.0,train
blk_4904534604666983795,False,False,0.0,train
blk_-6524363668698688999,False,False,0.0,train
blk_7397856966879264116,False,False,0.0,train
blk_-797917994206431829,False,False,0.0,train
blk_5786995717315633437,False,False,0.0,train
blk_-3964793692620149710,False,False,0.0,train
blk_-306433960000893115,False,False,0.0,train
blk_-351204568678747183,False,False,0.0,train
blk_-8921937968319265288,False,False,0.0,train
blk_6618202340413045610,False,False,0.0,train
blk_6505357809418565259,False,False,0.0,train
blk_-6654374773368782929,False,False,0.0,train
blk_-5913329088819831845,False,False,0.0,train
blk_8690912510886624472,False,False,0.0,train
blk_1293132081019003615,False,False,0.0,train
blk_-8284402360771065052,False,False,0.0,train
blk_-893789202926725525,False,False,0.0,train
blk_-2895675007940192363,False,False,0.0,train
blk_-6793932469262859312,False,False,0.0,train
blk_3598420121982133701,False,False,0.0,train
blk_2257727879577988136,False,False,0.0,train
blk_243475770002126841,False,False,0.0,train
blk_377492849967726488,False,False,0.0,train
blk_-7582522133331379921,False,False,0.0,train
blk_1079847526119058602,False,False,0.0,train
blk_2361646089235287192,False,False,0.0,train
blk_5285821018399045875,False,False,0.0,train
blk_-1863311318325078201,False,False,0.0,train
blk_7360166023474051356,False,False,0.0,train
blk_-4070115222370999699,False,False,0.0,train
blk_8796149567168808668,False,False,0.0,train
blk_-4935592763870259528,False,False,0.0,train
blk_564746598739609765,False,False,0.0,train
blk_7856553599943107281,False,False,0.0,train
blk_-2856491147308490440,False,False,0.0,train
blk_-6900220696333861248,False,False,0.0,train
blk_1530947734941023358,False,False,0.0,train
blk_-41500874164748515,False,False,0.0,train
blk_-263413831442988871,False,False,0.0,train
blk_-2588924117428272267,False,False,0.0,train
blk_-3613166739096169547,False,False,0.0,train
blk_7057749035678383246,False,False,0.0,train
blk_2779064638270060354,False,False,0.0,train
blk_955281522441083703,False,False,0.0,train
blk_-621181643025033351,False,False,0.0,train
blk_-157540223844718118,False,False,0.0,train
blk_4220231626906948729,False,False,0.0,train
blk_5324710351133218438,False,False,0.0,train
blk_-2338307138603176463,False,False,0.0,train
blk_-3181006606783376308,False,False,0.0,train
blk_-3199007340144598240,False,False,0.0,train
blk_6264574947697082189,False,False,0.0,train
blk_1196165736951025561,False,False,0.0,train
blk_580274252679224331,False,False,0.0,train
blk_1787422848938968735,False,False,0.0,train
blk_1652294273284272393,False,False,0.0,train
blk_3672507426282350473,False,False,0.0,train
blk_-8718711119789323868,False,False,0.0,train
blk_-1608339630694730738,False,False,0.0,train
blk_-6521293141288894315,False,False,0.0,train
blk_-3138363164893294400,False,False,0.0,train
blk_8658670132218176411,False,False,0.0,train
blk_8836866016439338375,False,False,0.0,train
blk_-393088182095165858,False,False,0.0,train
blk_-3136550069450811051,False,False,0.0,train
blk_-7229676369905620586,False,False,0.0,train
blk_3599090262203108891,False,False,0.0,train
blk_-6467850237584869051,False,False,0.0,train
blk_-993214853987363256,False,False,0.0,train
blk_-8797831969253994134,False,False,0.0,train
blk_-3884292278573253626,False,False,0.0,train
blk_-3777549640067215919,False,False,0.0,train
blk_3300189061705729264,False,False,0.0,train
blk_1252254349392275669,False,False,0.0,train
blk_806121592423071013,False,False,0.0,train
blk_-5407055815916914002,False,False,0.0,train
blk_-1766413155057195671,False,False,0.0,train
blk_6140207520318777155,False,False,0.0,train
blk_5622535421865922384,False,False,0.0,train
blk_1499472899764600500,False,False,0.0,train
blk_-7542982654227646494,False,False,0.0,train
blk_-4599192635228498284,False,False,0.0,train
blk_-7693681712683429580,False,False,0.0,train
blk_5487805358904430757,False,False,0.0,train
blk_5458318244719760153,True,False,0.0,train
blk_-3130732356101963499,False,False,0.0,train
blk_6531047065992730209,False,False,0.0,train
blk_1710490905563526750,False,False,0.0,train
blk_-4616943313180525701,False,False,0.0,train
blk_2935193680666672570,False,False,0.0,train
blk_-6463409993293070054,False,False,0.0,train
blk_203621165099880096,False,False,0.0,train
blk_5131381433958087834,False,False,0.0,train
blk_-5630635046311111774,False,False,0.0,train
blk_6316884937927187000,False,False,0.0,train
blk_-6406239298433441964,False,False,0.0,train
blk_5059178993619696207,False,False,0.0,train
blk_4535265668150107429,False,False,0.0,train
blk_2350376149667226051,False,False,0.0,train
blk_5890342900857412712,False,False,0.0,train
blk_-1894526948202185208,False,False,0.0,train
blk_-3574896762231209882,False,False,0.0,train
blk_-2085002896415971670,False,False,0.0,train
blk_-6981700964516010047,False,False,0.0,train
blk_7585912707283466859,False,False,0.0,train
blk_-9015482652802796,False,False,0.0,train
blk_-5955660512927559654,False,False,0.0,train
blk_-271863876260501760,False,False,0.0,train
blk_-4577896710791249166,False,False,0.0,train
blk_2507991942712064612,False,False,0.0,train
blk_-5444497426303978512,False,False,0.0,train
blk_7056278595727968684,False,False,0.0,train
blk_6334121991045756970,False,False,0.0,train
blk_2325125797444721556,False,False,0.0,train
blk_-7896351259974509484,False,False,0.0,train
blk_-3062611277005146206,False,False,0.0,train
blk_8587245951692831036,False,False,0.0,train
blk_5044767202610193077,False,False,0.0,train
blk_-3992491853006319584,False,False,0.0,train
blk_8966679151919902304,False,False,0.0,train
blk_-3899481423628647570,False,False,0.0,train
blk_2731083433122152221,False,False,0.0,train
blk_2572557858272892758,False,False,0.0,train
blk_-4616440948813697308,False,False,0.0,train
blk_5382764367611885095,False,False,0.0,train
blk_4184316637451785608,False,False,0.0,train
blk_1711223546482234852,False,False,0.0,train
blk_-4288588256122993981,False,False,0.0,train
blk_444041676607581816,False,False,0.0,train
blk_-2986230404313266841,False,False,0.0,train
blk_7147038182082421031,False,False,0.0,train
blk_305813129504707449,False,False,0.0,train
blk_5018624663824385618,False,False,0.0,train
blk_1791302061258128439,False,False,0.0,train
blk_-2824885005134302077,False,False,0.0,train
blk_322928254878628134,False,False,0.0,train
blk_-7426868327552845728,False,False,0.0,train
blk_-4748792664238608633,False,False,0.0,train
blk_-8553770259305794813,False,False,0.0,train
blk_-2699111311535646046,False,False,0.0,train
blk_5975458386378513512,False,False,0.0,train
blk_-4827900919061964800,False,False,0.0,train
blk_6324712740029479576,False,False,0.0,train
blk_7043941325070740845,False,False,0.0,train
blk_-7725563819912150372,False,False,0.0,train
blk_3747851332507067524,False,False,0.0,train
blk_2675363717520610560,False,False,0.0,train
blk_-4326549729566090915,False,False,0.0,train
blk_-585532937193324764,False,False,0.0,train
blk_3069363994566630991,False,False,0.0,train
blk_51963377114659155,False,False,0.0,train
blk_7151710332097730043,False,False,0.0,train
blk_-3021605324724274212,False,False,0.0,train
blk_-5188260287031813082,False,False,0.0,train
blk_-1728528279074676633,False,False,0.0,train
blk_593452034787860984,False,False,0.0,train
blk_-3253398110955344926,False,False,0.0001,train
blk_-5148800483911442142,False,False,0.0,train
blk_-9156303420870056806,False,False,0.0,train
blk_8848963723835168509,False,False,0.0,train
blk_1318998922879067644,False,False,0.0,train
blk_884617053853382949,False,False,0.0,train
blk_3716833472854277009,False,False,0.0,train
blk_-7529141810406544680,False,False,0.0,train
blk_-2971757270375732431,False,False,0.0,train
blk_-6500855123835991345,False,False,0.0,train
blk_-7108150525361613600,False,False,0.0,train
blk_153050576521158907,False,False,0.0,train
blk_-4504463022791017203,False,False,0.0,train
blk_1430929134025721472,False,False,0.0,train
blk_-2081036648099384582,False,False,0.0,train
blk_-5627811497827696331,False,False,0.0,train
blk_-5431740220515630299,False,False,0.0,train
blk_-5767335154308391971,False,False,0.0,train
blk_8157007602552620601,True,False,0.0,train
blk_-1837976175046044589,False,False,0.0,train
blk_-7995671481464612937,False,False,0.0,train
blk_-1018108268208665701,True,False,0.0,train
blk_1992839592296431407,False,False,0.0,train
blk_7998655980337464459,False,False,0.0,train
blk_5847491086693933163,False,False,0.0,train
blk_-4800840473450696535,False,False,0.0,train
blk_3244438082608989221,False,False,0.0,train
blk_-4796973815021444361,False,False,0.0,train
blk_2606538314885919688,False,False,0.0,train
blk_-632768163921584243,False,False,0.0,train
blk_-7091278242133757877,False,False,0.0,train
blk_-7699554542561744688,False,False,0.0,train
blk_-6309718045191769136,False,False,0.0,train
blk_4323052644946690341,False,False,0.0,train
blk_7165158704475587840,False,False,0.0,train
blk_7065104425416757121,False,False,0.0,train
blk_4005961392876834016,False,False,0.0,train
blk_-4960699067576427199,False,False,0.0,train
blk_4111878805902737533,False,False,0.0,train
blk_9218677721068483498,False,False,0.0,train
blk_-3200626104355528341,False,False,0.0,train
blk_-2293170075449990910,False,False,0.0,train
blk_-6097827661536723022,False,False,0.0,train
blk_30592765769050543,False,False,0.0,train
blk_8280162924437316474,True,False,0.0,train
blk_160770357246885631,False,False,0.0,train
blk_4510438262065149720,False,False,0.0,train
blk_-5087939924532795057,True,True,2.3527,train
blk_-6666952514576046597,False,False,0.0,train
blk_-2855176118293383169,False,False,0.0,train
blk_3079477984219445401,False,False,0.0,train
blk_-829426905911918134,False,False,0.0,train
blk_-445712642941020946,False,False,0.0,train
blk_2149021463098562645,False,False,0.0,train
blk_7632817815383224389,False,False,0.0,train
blk_3966111205826706489,False,False,0.0,train
blk_7524960171049616865,False,False,0.0,train
blk_5415605453707049554,False,False,0.0,train
blk_2787113390337857647,False,False,0.0,train
blk_1487955812342633661,False,False,0.0,train
blk_2390739290036686397,False,False,0.0,train
blk_-9031727593035464905,False,False,0.0,train
blk_-2730909299187981851,False,False,0.0,train
blk_-6538983623811119264,False,False,0.0,train
blk_8354968744767664513,False,False,0.0,train
blk_4211670311472523166,False,False,0.0,train
blk_-7814960987401483765,False,False,0.0,train
blk_5745384304850785963,False,False,0.0,train
blk_1319878119873456737,False,False,0.0,train
blk_1340756027024797551,False,False,0.0,train
blk_5263834491777912456,False,False,0.0,train
blk_7733719188253794523,False,False,0.0,train
blk_2661997504444029870,False,False,0.0,train
blk_-594613496348415153,False,False,0.0,train
blk_5732333424324173858,False,False,0.0,train
blk_-4433705680039124679,False,False,0.0,train
blk_-2162912385688830708,False,False,0.0,train
blk_-778882567701167298,False,False,0.0,train
blk_7045302440585504739,False,False,0.0,train
blk_-3730575550869123142,False,False,0.0,train
blk_6738710176387823547,False,False,0.0,train
blk_-4477763137617323029,False,False,0.0,train
blk_-1898457216578799458,False,False,0.0,train
blk_2645796719498217316,False,False,0.0,train
blk_702365172101694248,False,False,0.0,train
blk_9193907246642430235,False,False,0.0,train
blk_-5497365036881982720,False,False,0.0,train
blk_-5496285714145628701,False,False,0.0,train
blk_-3397116910352808888,False,False,0.0,train
blk_2021973416343807431,False,False,0.0,train
blk_7602031726668913876,False,False,0.0,train
blk_2282826501264847200,False,False,0.0,train
blk_-5036548499527385895,False,False,0.0,train
blk_-1975510311708471900,False,False,0.0,train
blk_4297627433332736659,False,False,0.0,train
blk_-2059021002202683520,False,False,0.0,train
blk_-2848802814042399955,False,False,0.0,train
blk_-104003194741681641,False,False,0.0,train
blk_2341446072617411707,False,False,0.0,train
blk_7332513984520186199,False,False,0.0,train
blk_-9133828688545256380,False,False,0.0,train
blk_-7912516516687718882,False,False,0.0,train
blk_2760121730050910443,False,False,0.0,train
blk_-1356012331970579897,False,False,0.0,train
blk_8396995301913478018,False,False,0.0,train
blk_-5472075728072143077,False,False,0.0,train
blk_257193923657086323,False,False,0.0,train
blk_1545309031495169910,False,False,0.0,train
blk_8293719197344994834,False,False,0.0,train
blk_2259736787821038873,False,False,0.0,train
blk_3815566301260347754,False,False,0.0,train
blk_3733699983655478771,False,False,0.0,train
blk_-3035871744224360300,False,False,0.0,train
blk_2189174526985381475,False,False,0.0,train
blk_7709745955388014574,False,False,0.0,train
blk_-3557446068179228324,False,False,0.0,train
blk_5604303080920427583,False,False,0.0,train
blk_-7438939662916692260,False,False,0.0,train
blk_1563418358466653451,False,False,0.0,train
blk_2366707601636272998,False,False,0.0,train
blk_-8553172217186311192,False,False,0.0,train
blk_-6426075124762025857,False,False,0.0,train
blk_8310435958897106251,False,False,0.0,train
blk_4499692229328077082,False,False,0.0,train
blk_8963052321499171482,True,False,0.0,train
blk_8797041285204073351,False,False,0.0,train
blk_-141546114274703190,False,False,0.0,train
blk_3246803101776075475,False,False,0.0,train
blk_188682839063125077,True,True,2.3527,train
blk_-1234570467994217401,False,False,0.0,train
blk_-4951118095480175410,False,False,0.0,train
blk_503963309094606218,False,False,0.0,train
blk_8868373593483263710,False,False,0.0,train
blk_2496329213080013901,False,False,0.0,train
blk_3276934927436870282,False,False,0.0,train
blk_2221428810078834698,False,False,0.0,train
blk_859891442934893031,False,False,0.0,train
blk_4546265594905287694,False,False,0.0,train
blk_2132432882911758840,False,False,0.0,train
blk_2101551290330994031,False,False,0.0,train
blk_-5463716189080846511,False,False,0.0,train
blk_335438062288515191,False,False,0.0,train
blk_4631219518153987121,False,False,0.0,train
blk_-5396975420197780587,False,False,0.0,train
blk_8989884949575948666,False,False,0.0,train
blk_-6072688728197732023,False,False,0.0,train
blk_628546317351174599,False,False,0.0,train
blk_532273579375382069,False,False,0.0,train
blk_-5778125003329388520,False,False,0.0,train
blk_-3661463852202136631,False,False,0.0,train
blk_6953439485971986731,False,False,0.0,train
blk_5019510880378886137,False,False,0.0,train
blk_4279973059078903707,False,False,0.0,train
blk_7621911845803435476,False,False,0.0,train
blk_-7190079636413026961,False,False,0.0,train
blk_-798934454583183487,False,False,0.0,train
blk_3687311390252141789,False,False,0.0,train
blk_6454982586685552134,False,False,0.0,train
blk_6147440654811812872,False,False,0.0,train
blk_-1791204159994627312,False,False,0.0,train
blk_1360818092238117242,False,False,0.0,train
blk_3420595881634221975,False,False,0.0,train
blk_6583757409688222964,False,False,0.0,train
blk_-6750696876639329467,False,False,0.0,train
blk_3364637111094703062,False,False,0.0,train
blk_8754164970975313154,False,False,0.0,train
blk_-1741472248387253922,False,False,0.0,train
blk_-1909858195938681149,False,False,0.0,train
blk_161475555609545016,False,False,0.0,train
blk_7743187147171377263,False,False,0.0,train
blk_-6425043901610367100,False,False,0.0,train
blk_7846126247231954150,False,False,0.0,train
blk_-3457640609704868226,False,False,0.0,train
blk_-2092188667170643683,False,False,0.0,train
blk_7184033121985105434,False,False,0.0,train
blk_1530934141843520515,False,False,0.0,train
blk_-4976561959554107929,False,False,0.0,train
blk_5596363034013579449,False,False,0.0,train
blk_2153068203792247131,False,False,0.0,train
blk_-8184666103267510588,False,False,0.0,train
blk_-4313367823286747194,False,False,0.0,train
blk_-1334669871213174375,False,False,0.0,train
blk_2133947567659015828,False,False,0.0,train
blk_-7166854234373024192,False,False,0.0,train
blk_1163915157540053377,False,False,0.0,train
blk_-6165756754062944278,False,False,0.0,train
blk_-4052813017840372471,False,False,0.0,train
blk_-1837671129968400019,False,False,0.0,train
blk_4754788184005154772,False,False,0.0,train
blk_1900144477656391254,False,False,0.0,train
blk_-5498763217457851354,False,False,0.0,train
blk_839342453809639951,False,False,0.0,train
blk_-2437547284244111497,True,False,0.0,train
blk_-7304485340697352314,False,False,0.0,train
blk_5466240539847680264,False,False,0.0,train
blk_3675287721825282846,False,False,0.0,train
blk_-8240367642559264883,False,False,0.0,train
blk_-6388096834262900479,False,False,0.0,train
blk_-7503618859292961232,False,False,0.0,train
blk_-8965520574226998991,False,False,0.0,train
blk_7929770888615334809,False,False,0.0,train
blk_6268356033391750699,False,False,0.0,train
blk_-931626129620593303,False,False,0.0,train
blk_4269026824592069091,False,False,0.0,train
blk_6613003774799506920,False,False,0.0,train
blk_-4065337529825734571,False,False,0.0,train
blk_6790904190022335694,False,False,0.0,train
blk_-3039043631264712377,False,False,0.0,train
blk_1099275627486911406,False,False,0.0,train
blk_-7908757307240665002,False,False,0.0,train
blk_-8462182464180463331,False,False,0.0,train
blk_-290842657568168081,False,False,0.0,train
blk_3791794188299815842,False,False,0.0,train
blk_-9064560860534869219,False,False,0.0,train
blk_-5904835675315322018,False,False,0.0,train
blk_-3504972758274768323,False,False,0.0,train
blk_1530335724534363826,False,False,0.0,train
blk_-4538077846465893448,False,False,0.0,train
blk_-5901478386184301521,False,False,0.0,train
blk_7246939535792124054,False,False,0.0,train
blk_8075172613979882356,False,False,0.0,train
blk_5646348984688883004,False,False,0.0,train
blk_-3130931879184502540,False,False,0.0,train
blk_764378453682652046,False,False,0.0,train
blk_4052470192955723075,False,False,0.0,train
blk_4687102571271153484,False,False,0.0,train
blk_-3416197627433746535,False,False,0.0,train
blk_-533210835770446829,False,False,0.0,train
blk_2630609619892110337,False,False,0.0,train
blk_-7811537039710052481,False,False,0.0,train
blk_-4468766313622173914,False,False,0.0,train
blk_-8463722941530556826,False,False,0.0,train
blk_2652326301836198695,False,False,0.0,train
blk_-1412190707253453103,False,False,0.0,train
blk_4698487191493023808,False,False,0.0,train
blk_-1434611047609846684,False,False,0.0,train
blk_5635082829095510466,False,False,0.0,train
blk_-1455221633490309763,False,False,0.0,train
blk_-1934288039691098666,False,False,0.0,train
blk_-4097209212406426556,False,False,0.0,train
blk_-6581313104525936967,False,False,0.0,train
blk_1103387452633935689,False,False,0.0,train
blk_-7719298894055158921,False,False,0.0,train
blk_-4784586980950202922,False,False,0.0,train
blk_-169124666108433100,False,False,0.0,train
blk_115414912953112190,False,False,0.0,train
blk_-5422491223454382862,False,False,0.0,train
blk_6763160020894852449,False,False,0.0,train
blk_3199372458794457359,False,False,0.0,train
blk_-7362616521618778265,False,False,0.0,train
blk_2699774463064547928,False,False,0.0,train
blk_-8477783180355968777,False,False,0.0,train
blk_4856317252071133155,False,False,0.0,train
blk_6104005062123539857,False,False,0.0,train
blk_4304219605424315718,False,False,0.0,train
blk_6215864284775163720,False,False,0.0,train
blk_-508643847748147883,False,False,0.0,train
blk_-7227933479028223314,False,False,0.0,train
blk_6735765157303846643,False,False,0.0,train
blk_5206055933803311355,False,False,0.0,train
blk_7879806856873631218,False,False,0.0,train
blk_-5854002344931445420,False,False,0.0,train
blk_7881160799900434614,False,False,0.0,train
blk_4149401140857368018,False,False,0.0,train
blk_-1132464500112206382,False,False,0.0,train
blk_-7457771306974862799,False,False,0.0,train
blk_-5232527222906625904,False,False,0.0,train
blk_-7432148246088479115,False,False,0.0,train
blk_-2001355280870153282,False,False,0.0,train
blk_-3137054727349187795,False,False,0.0,train
blk_7535351123696727479,False,False,0.0,train
blk_-391764539008440135,False,False,0.0,train
blk_-1215298417602041034,False,False,0.0,train
blk_8460393313463459997,False,False,0.0,train
blk_-8498800339141290608,False,False,0.0,train
blk_3627072411821235063,False,False,0.0,train
blk_2194462855708020369,False,False,0.0,train
blk_2472254145071460061,False,False,0.0,train
blk_7949020324097233688,False,False,0.0,train
blk_-1456845913226324562,False,False,0.0,train
blk_-3031848015205221729,False,False,0.0,train
blk_7498186155565063655,False,False,0.0,train
blk_7101669270639229728,False,False,0.0,train
blk_7907648642830227859,False,False,0.0,train
blk_-2906301571291098044,False,False,0.0,train
blk_2874414203471255941,False,False,0.0,train
blk_8506834614050486508,False,False,0.0,train
blk_-8640947306272253633,False,False,0.0,train
blk_7394232718787152480,False,False,0.0,train
blk_4717242776113730532,False,False,0.0,train
blk_8451923331506185169,False,False,0.0,train
blk_-2324909767485353870,False,False,0.0,train
blk_410968055248890638,False,False,0.0,train
blk_5942227674321540372,False,False,0.0,train
blk_-8012736109430183264,False,False,0.0,train
blk_3014594286900450220,False,False,0.0,train
blk_2766738879584387872,False,False,0.0,train
blk_3357919352308720568,False,False,0.0,train
blk_-26971670885768519,False,False,0.0,train
blk_2996210004892729162,False,False,0.0,train
blk_-8434458162771907438,False,False,0.0,train
blk_6749963256919439095,False,False,0.0,train
blk_7350850266073127425,False,False,0.0,train
blk_8246409065427104334,False,False,0.0,train
blk_729643617760937113,False,False,0.0,train
blk_-1033668505248182574,False,False,0.0,train
blk_-5314521282466654568,False,False,0.0,train
blk_3653414434030400501,False,False,0.0,train
blk_6763709310053842491,False,False,0.0,train
blk_8919335217068588505,False,False,0.0,train
blk_-3485814826766368762,False,False,0.0,train
blk_7450736552455630242,False,False,0.0,train
blk_2710569622484200021,False,False,0.0,train
blk_8764693703744759187,True,False,0.0,train
blk_5742864704332429542,False,False,0.0,train
blk_2996563792009060,False,False,0.0,train
blk_8735034563117017230,False,False,0.0,train
blk_6912537792953656636,False,False,0.0,train
blk_2330492910274541788,False,False,0.0,train
blk_-2556672568838995934,False,False,0.0,train
blk_-1390741044286394767,False,False,0.0,train
blk_-2470178870562220692,False,False,0.0,train
blk_5305605963201184662,False,False,0.0,train
blk_5501650285337045915,False,False,0.0,train
blk_7898380582603586625,False,False,0.0,train
blk_-5854034069839135924,False,False,0.0,train
blk_6806497011036089908,True,False,0.0,train
blk_-5409523249823241040,False,False,0.0,train
blk_-9187437032204220012,False,False,0.0,train
blk_-8694633267506886891,False,False,0.0,train
blk_4616754812140384157,False,False,0.0,train
blk_6086150003458816385,False,False,0.0,train
blk_-2649547610320938107,False,False,0.0,train
blk_-1542070061864458479,False,False,0.0,train
blk_-3639871791866461098,False,False,0.0,train
blk_9052259508540407143,False,False,0.0,train
blk_-6330063092028817325,False,False,0.0,train
blk_-3076399146968520407,False,False,0.0,train
blk_6312719402611173632,False,False,0.0,train
blk_-5621370428482753569,False,False,0.0,train
blk_-6257369924087729427,False,False,0.0,train
blk_-3692005595226356347,False,False,0.0,train
blk_-7086735329275631321,False,False,0.0,train
blk_-8423623469019218108,False,False,0.0,train
blk_-8034411937709671531,False,False,0.0,train
blk_2210368029494463881,False,False,0.0,train
blk_-7410760947270004000,False,False,0.0,train
blk_5431394182922914857,False,False,0.0,train
blk_-4299294573701097215,False,False,0.0,train
blk_586256906251371514,False,False,0.0,train
blk_5529131982755707331,False,False,0.0,train
blk_-7774175278178784010,False,False,0.0,train
blk_-5618524324024593960,False,False,0.0,train
blk_-3996123424544912028,False,False,0.0,train
blk_-7446782744420379186,False,False,0.0,train
blk_-3085241930565022208,False,False,0.0,train
blk_7731184976390014617,False,False,0.0,train
blk_-3594737009607484116,False,False,0.0,train
blk_-872272313922257268,False,False,0.0,train
blk_-6610740339710112867,False,False,0.0,train
blk_-7927962427382158930,False,False,0.0,train
blk_-4305888220075314099,False,False,0.0,train
blk_8498401613791720690,True,False,0.0,train
blk_6750522513921842887,False,False,0.0,train
blk_4054544520249788747,False,False,0.0,train
blk_5579788643347416719,False,False,0.0,train
blk_1290739416401813904,False,False,0.0,train
blk_-6417276202331457430,False,False,0.0,train
blk_-5710255942993633955,False,False,0.0,train
blk_3161866215121574056,False,False,0.0,train
blk_5645932586321600133,False,False,0.0,train
blk_-6069781019960109014,False,False,0.0,train
blk_-4568752647001380124,False,False,0.0,train
blk_-5499131908975124891,False,False,0.0,train
blk_4016387365602508794,False,False,0.0,train
blk_7123993661276169242,False,False,0.0,train
blk_7020733168397431351,False,False,0.0,train
blk_8410248538426929442,False,False,0.0,train
blk_-8959153132113961096,False,False,0.0,train
blk_6762670663575127069,False,False,0.0,train
blk_2212672481434237085,False,False,0.0,train
blk_2409167767005491059,False,False,0.0,train
blk_-7290740259794281562,False,False,0.0,train
blk_2946675438566576639,False,False,0.0,train
blk_2761853587228818690,False,False,0.0,train
blk_-4526460280838537726,False,False,0.0,train
blk_6580250771751996436,False,False,0.0,train
blk_1483694219884556894,True,True,2.3527,train
blk_-4907562705389113615,False,False,0.0,train
blk_5990074622954383685,False,False,0.0,train
blk_3649775987949138965,False,False,0.0,train
blk_2582956025316264408,False,False,0.0,train
blk_401393628452937419,False,False,0.0,train
blk_-2182287675555955178,False,False,0.0,train
blk_8215954742563006973,False,False,0.0,train
blk_-5802604438981152146,False,False,0.0,train
blk_-8243339894797408980,False,False,0.0,train
blk_-8499703464124980991,False,False,0.0,train
blk_7028780945208475835,False,False,0.0,train
blk_9217816113393463757,False,False,0.0,train
blk_8583450676561735489,False,False,0.0,train
blk_2855555130770173168,False,False,0.0,train
blk_-7130965162308749302,False,False,0.0,train
blk_-5969211831192031991,False,False,0.0,train
blk_-5560847528669994586,False,False,0.0,train
blk_5791693373677620506,False,False,0.0,train
blk_-3826109129543713194,False,False,0.0,train
blk_-2681016091351348922,False,False,0.0,train
blk_8475247955534873733,False,False,0.0,train
blk_-3764886389043945116,False,False,0.0,train
blk_-769772612937087889,False,False,0.0,train
blk_4840837818452951601,False,False,0.0,train
blk_7888664903437330558,False,False,0.0,train
blk_3146796614060396976,False,False,0.0,train
blk_-7731156548152671506,False,False,0.0,train
blk_12770879351149651,False,False,0.0,train
blk_-7583524212538078117,False,False,0.0,train
blk_-4665913559941610329,False,False,0.0,train
blk_2981783798787150192,False,False,0.0,train
blk_-55522950887601108,False,False,0.0,train
blk_8556783396059801409,True,False,0.0,train
blk_-578575544341244806,False,False,0.0,train
blk_1373539701575999606,False,False,0.0,train
blk_5416686719871833170,False,False,0.0,train
blk_-4943332333883290426,False,False,0.0,train
blk_3982240577375546261,False,False,0.0,train
blk_3679341084414928626,False,False,0.0,train
blk_6799535522304907480,False,False,0.0,train
blk_4476678049470566986,False,False,0.0,train
blk_6925778856916361241,False,False,0.0,train
blk_-1669503352313254589,False,False,0.0,train
blk_5359016578861996229,False,False,0.0,train
blk_-1224957283054514981,False,False,0.0,train
blk_-7854922233677243796,False,False,0.0,train
blk_2853311136921309489,False,False,0.0,train
blk_-3424609452586044408,False,False,0.0,train
blk_8889636819124575382,False,False,0.0,train
blk_5400837154205209224,False,False,0.0,train
blk_-9144193233156316881,False,False,0.0,train
blk_2846816194609362532,False,False,0.0,train
blk_-954051934374909918,False,False,0.0,train
blk_1601829747621238158,False,False,0.0,train
blk_-5504281594642124434,False,False,0.0,train
blk_657667541679812559,False,False,0.0,train
blk_7169577100694843862,False,False,0.0,train
blk_-2042448636479089808,False,False,0.0,train
blk_2980047773970862371,False,False,0.0,train
blk_-857426790609821442,False,False,0.0,train
blk_5367603742509914222,False,False,0.0,train
blk_-144090862543271621,False,False,0.0,train
blk_-2382004140438138635,False,False,0.0,train
blk_829560176736056157,False,False,0.0,train
blk_6690235322435070729,False,False,0.0,train
blk_5312285329652696655,False,False,0.0,train
blk_-123252363513067911,False,False,0.0,train
blk_-8811686793083847960,False,False,0.0,train
blk_1588129548666038975,False,False,0.0,train
blk_-9207533323239283317,False,False,0.0,train
blk_-2549972128529758942,False,False,0.0,train
blk_5686602162634851648,False,False,0.0,train
blk_-1541622745159317434,False,False,0.0,train
blk_-5515912020632377951,False,False,0.0,train
blk_3029554685507269805,False,False,0.0,train
blk_6746649195320082662,False,False,0.0,train
blk_4399820558484391336,False,False,0.0,train
blk_-5730905636064167029,False,False,0.0,train
blk_5984927319673066243,False,False,0.0,train
blk_-2000877409122236620,False,False,0.0,train
blk_-5244198271648285337,False,False,0.0,train
blk_-6243312152776716997,False,False,0.0,train
blk_8279362755909725282,False,False,0.0,train
blk_1255083499743852705,False,False,0.0,train
blk_-4749092027219752365,False,False,0.0,train
blk_-5493313385565786803,False,False,0.0,train
blk_2149728827322918746,False,False,0.0,train
blk_-4566376014322017124,False,False,0.0,train
blk_-5342042667685497656,False,False,0.0,train
blk_4309274742705702553,False,False,0.0,train
blk_6249371971857255334,True,False,0.0,train
blk_8219285148927231847,False,False,0.0,train
blk_-2992643786250312562,False,False,0.0,train
blk_6113551277279945841,False,False,0.0,train
blk_6762571733796142908,False,False,0.0,train
blk_5342951107968283054,False,False,0.0,train
blk_3127664403072767816,False,False,0.0,train
blk_4613430679731690715,False,False,0.0,train
blk_2935353858545789595,False,False,0.0,train
blk_-8836576730990325805,False,False,0.0,train
blk_-2647863524000609999,False,False,0.0,train
blk_8829873105300291736,False,False,0.0,train
blk_-2379735181233017090,False,False,0.0,train
blk_100112749641533287,False,False,0.0,train
blk_3902982840475586872,False,False,0.0,train
blk_1453995572602461976,False,False,0.0,train
blk_421504291442548532,False,False,0.0,train
blk_-789892509757155675,False,False,0.0,train
blk_-7674098815405249182,False,False,0.0,train
blk_-6240829354467461509,False,False,0.0,train
blk_-2991687937600257476,False,False,0.0,train
blk_435571557354499244,False,False,0.0,train
blk_-3773951588838903620,False,False,0.0,train
blk_-5397313821077959669,False,False,0.0,train
blk_352216035519286377,False,False,0.0,train
blk_-5609852490993394072,False,False,0.0,train
blk_8845516010923455314,False,False,0.0,train
blk_-7279915216713871689,False,False,0.0,train
blk_-6059364134826655639,False,False,0.0,train
blk_57348110111386254,False,False,0.0,train
blk_1876235375217952374,False,False,0.0,train
blk_-4904750120810562215,False,False,0.0,train
blk_7175475435236822744,False,False,0.0,train
blk_5076179531601624858,False,False,0.0,train
blk_7912188603635498552,False,False,0.0,train
blk_7962616922009155273,False,False,0.0,train
blk_-2333293362294750629,False,False,0.0,train
blk_5462662512069949186,False,False,0.0,train
blk_-8858756758657321657,False,False,0.0,train
blk_-8544995354275653597,False,False,0.0,train
blk_119222313365132122,False,False,0.0,train
blk_-5536031304588832118,False,False,0.0,train
blk_-134093731864103493,False,False,0.0,train
blk_-6560897404653310191,False,False,0.0,train
blk_-7132595704432618993,False,False,0.0,train
blk_-7835901471352294572,False,False,0.0,train
blk_-5752623448194659821,False,False,0.0,train
blk_-1906785151757421117,False,False,0.0,train
blk_4041572075397326932,False,False,0.0,train
blk_6370537166176337539,False,False,0.0,train
blk_1326374929166714291,False,False,0.0,train
blk_-8506747981048473907,False,False,0.0,train
blk_622079915189291695,False,False,0.0,train
blk_-6728422089135081132,False,False,0.0,train
blk_-8302143546143349073,False,False,0.0,train
blk_7718386631576542004,False,False,0.0,train
blk_-7375121379324743085,False,False,0.0,train
blk_1292358564894494952,False,False,0.0,train
blk_-1502116315118143166,False,False,0.0,train
blk_2052074036518461828,False,False,0.0,train
blk_-4053708639689951665,False,False,0.0,train
blk_-4908966565989625583,False,False,0.0,train
blk_5640366580955238018,False,False,0.0,train
blk_6702548037706001300,False,False,0.0,train
blk_5200305959009212075,False,False,0.0,train
blk_-8187589158061744826,False,False,0.0,train
blk_7294168238591257068,False,False,0.0,train
blk_1773551739117693234,False,False,0.0,train
blk_7100225729199568073,False,False,0.0,train
blk_6542677062545867706,False,False,0.0,train
blk_-7949860141104343227,False,False,0.0,train
blk_649037191427821419,False,False,0.0,train
blk_-5090285765589851652,False,False,0.0,train
blk_1137525261032665695,False,False,0.0,train
blk_4475218516634442938,False,False,0.0,train
blk_-3408165793527193969,False,False,0.0,train
blk_-757474789297789786,False,False,0.0,train
blk_-7169911840305078042,False,False,0.0,train
blk_-8868596006079176900,False,False,0.0,train
blk_3883438709819451789,False,False,0.0,train
blk_-8254310795258925442,False,False,0.0,train
blk_-73953549506111069,False,False,0.0,train
blk_8074764299476278402,True,False,0.0,train
blk_-8744798204127081315,False,False,0.0,train
blk_-7346129630303608566,False,False,0.0,train
blk_5570135251324647021,False,False,0.0,train
blk_-7323121257893954068,False,False,0.0,train
blk_-5942793159379451193,False,False,0.0,train
blk_-6608385916214293812,False,False,0.0,train
blk_7885544651588309148,False,False,0.0,train
blk_-5481322816553948288,False,False,0.0,train
blk_-5548274594871385910,False,False,0.0,train
blk_7847568634469952879,False,False,0.0,train
blk_4333100743580272058,False,False,0.0,train
blk_5602163927321239110,False,False,0.0,train
blk_-4662486687610992085,False,False,0.0,train
blk_-9040983325298555020,False,False,0.0,train
blk_-2246450540990599282,False,False,0.0,train
blk_-3004305218355783749,False,False,0.0,train
blk_-4063384288422330507,False,False,0.0,train
blk_-7667612773670026993,False,False,0.0,train
blk_3804615896420653453,False,False,0.0,train
blk_7549273763576227101,False,False,0.0,train
blk_4464679447161061787,False,False,0.0,train
blk_4872190467053255428,False,False,0.0,train
blk_-6531631971542153595,False,False,0.0,train
blk_4652697699128039166,False,False,0.0,train
blk_615202211455656487,False,False,0.0,train
blk_-7707800360576422643,False,False,0.0,train
blk_2058523959463208105,False,False,0.0,train
blk_6908288796457721617,False,False,0.0,train
blk_7774797924199097641,False,False,0.0,train
blk_-5631681454147966240,False,False,0.0,train
blk_8790455840723302467,False,False,0.0,train
blk_-1529016843251694549,False,False,0.0,train
blk_-1601704801173768057,False,False,0.0,train
blk_-6367103334463325182,False,False,0.0,train
blk_-395170105466679725,False,False,0.0,train
blk_-8298238717255899704,False,False,0.0,train
blk_-1121340394120435664,False,False,0.0,train
blk_-2691299142196936589,False,False,0.0,train
blk_-7085665447447978975,False,False,0.0,train
blk_3746918975463247549,False,False,0.0,train
blk_945726784656367579,False,False,0.0,train
blk_1207032273711504906,False,False,0.0,train
blk_7521747042000857457,False,False,0.0,train
blk_-3777084595383931638,False,False,0.0,train
blk_-552249227911035836,False,False,0.0,train
blk_-4478881677357186039,False,False,0.0,train
blk_-3207096505404510006,False,False,0.0,train
blk_-682154539955351059,False,False,0.0,train
blk_-8557912432390386642,False,False,0.0,train
blk_-5945808511794316210,False,False,0.0,train
blk_6852340170284855697,False,False,0.0,train
blk_1952219802094582246,False,False,0.0,train
blk_6230621899127137,False,False,0.0,train
blk_-1930349638929410217,False,False,0.0,train
blk_5607475334241636274,False,False,0.0,train
blk_-2901054034036794313,False,False,0.0,train
blk_-3901465821069613209,False,False,0.0,train
blk_7879796270328885410,False,False,0.0,train
blk_8058640000282362314,False,False,0.0,train
blk_-6008397446568765070,False,False,0.0,train
blk_6391072774835767751,False,False,0.0,train
blk_-4695142764579329510,False,False,0.0,train
blk_8794310118012761162,False,False,0.0,train
blk_3032600068787433219,False,False,0.0,train
blk_3056118983921039379,False,False,0.0,train
blk_8491971867438278117,True,False,0.0,train
blk_-507020070571184219,False,False,0.0,train
blk_-1011537904811654030,False,False,0.0,train
blk_-1118984455447106847,False,False,0.0,train
blk_8574135221556602405,True,False,0.0,train
blk_8058577609155184573,False,False,0.0,train
blk_8135462944204400439,False,False,0.0,train
blk_9153491635574193567,False,False,0.0,train
blk_2092189976427141190,False,False,0.0,train
blk_-6824176921460244988,False,False,0.0,train
blk_-6524274181970780333,False,False,0.0,train
blk_2628276464742691661,False,False,0.0,train
blk_1695783051214597064,False,False,0.0,train
blk_-1541081311246038538,False,False,0.0,train
blk_1167797358303162202,False,False,0.0,train
blk_-1257839848015867636,False,False,0.0,train
blk_-7913337951711407020,False,False,0.0,train
blk_2520414790357784194,False,False,0.0,train
blk_-3881267399645697356,False,False,0.0,train
blk_3283065696283949789,False,False,0.0,train
blk_1654438539595069394,False,False,0.0,train
blk_2075234716713999208,True,False,0.0,train
blk_4778152430586823898,False,False,0.0,train
blk_-8738709778586756237,False,False,0.0,train
blk_5795256114719104203,False,False,0.0,train
blk_-7289855636072921423,False,False,0.0,train
blk_3245194845343597758,False,False,0.0,train
blk_-6228369913588836994,True,False,0.0,train
blk_-3607663163007427879,False,False,0.0,train
blk_-4644811849746077680,False,False,0.0,train
blk_-8897216566273281819,False,False,0.0,train
blk_-7134534099900189948,False,False,0.0,train
blk_6658496003711189948,False,False,0.0,train
blk_9218441083877477363,False,False,0.0,train
blk_-7188913167590818367,False,False,0.0,train
blk_-11235803176296143,False,False,0.0,train
blk_-5545126603066966097,False,False,0.0,train
blk_-1589491838863420890,False,False,0.0,train
blk_-5322623964232992791,False,False,0.0,train
blk_-8621411892522292322,False,False,0.0,train
blk_5780786852871827499,False,False,0.0,train
blk_554556473759698371,False,False,0.0,train
blk_8172251131904558969,False,False,0.0,train
blk_973160159069770286,False,False,0.0,train
blk_3786033711939266677,False,False,0.0,train
blk_-804226099210015765,False,False,0.0,train
blk_-4680823494960433903,False,False,0.0,train
blk_-3359027071957697959,False,False,0.0,train
blk_-3140647706655526193,False,False,0.0,train
blk_4422417297422477680,False,False,0.0,train
blk_-2063667713951220880,False,False,0.0,train
blk_1419921474512205955,False,False,0.0,train
blk_-7953727641961873625,False,False,0.0,train
blk_-482061775122803583,False,False,0.0,train
blk_-1182341734207828035,False,False,0.0,train
blk_5393175630818153409,False,False,0.0,train
blk_-8902502442244676910,False,False,0.0,train
blk_2225060281830268647,False,False,0.0,train
blk_8072472953629617733,False,False,0.0,train
blk_-2751942090366419582,False,False,0.0,train
blk_-5937773175168451180,False,False,0.0,train
blk_9029207836707365911,False,False,0.0,train
blk_-8034488904586256262,False,False,0.0,train
blk_-4965785308408296794,False,False,0.0,train
blk_3887958470896771888,False,False,0.0,train
blk_-1852461660074696275,False,False,0.0,train
blk_6872944299481040360,False,False,0.0,train
blk_-9056148797991220378,False,False,0.0,train
blk_-4997356237084078057,False,False,0.0,train
blk_6662067662653934827,False,False,0.0,train
blk_7688643631245999367,False,False,0.0,train
blk_-1086284161070447662,False,False,0.0,train
blk_-8232951016004028626,False,False,0.0,train
blk_6942165517509334082,False,False,0.0,train
blk_3590373790524825024,False,False,0.0,train
blk_6912533456169029339,False,False,0.0,train
blk_-5824544626314672324,False,False,0.0,train
blk_-7563963720042963739,False,False,0.0,train
blk_6020383172603634019,True,False,0.0,train
blk_8051999911552049540,False,False,0.0,train
blk_5503449470016627710,False,False,0.0,train
blk_-8616006508528828044,False,False,0.0,train
blk_5577827766804360449,False,False,0.0,train
blk_-1694542729201069436,False,False,0.0,train
blk_4672607881935707646,False,False,0.0,train
blk_6420857752883092988,False,False,0.0,train
blk_6788354964395916852,False,False,0.0,train
blk_-7498638394264724047,False,False,0.0,train
blk_4891636506281238324,False,False,0.0,train
blk_7199122309943830488,False,False,0.0,train
blk_3202648946335208525,False,False,0.0,train
blk_5851043418258222720,False,False,0.0,train
blk_7128370237687728475,False,False,0.0,train
blk_7663092938466578792,False,False,0.0,train
blk_-6745951718989112438,False,False,0.0,train
blk_2149406436431562719,False,False,0.0,train
blk_-5814732677764532431,False,False,0.0,train
blk_8720005406020789554,False,False,0.0,train
blk_-6959998716004762329,False,False,0.0,train
blk_-6312809472821143659,False,False,0.0,train
blk_9113164824428648432,True,False,0.0,train
blk_3359277212701127103,False,False,0.0,train
blk_9203790828755100013,True,False,0.0,train
blk_8425055705568216675,False,False,0.0,train
blk_-624825655168150902,False,False,0.0,train
blk_4208414850263370500,False,False,0.0,train
blk_-266536241831135283,False,False,0.0,train
blk_-3251080442924340719,False,False,0.0,train
blk_4831034997494424145,False,False,0.0,train
blk_8763864832383868244,False,False,0.0,train
blk_-2746403005109568294,False,False,0.0,train
blk_-1315370751437152369,False,False,0.0,train
blk_-2974610655844474299,False,False,0.0,train
blk_-6974797096568246217,False,False,0.0,train
blk_9089233838444061529,True,False,0.0,train
blk_-3133057617656175223,False,False,0.0,train
blk_2018840025650551657,False,False,0.0,train
blk_894829536898545331,False,False,0.0,train
blk_5161535612032572360,False,False,0.0,train
blk_-1763785597674818650,False,False,0.0,train
blk_-3490624690888422556,False,False,0.0,train
blk_-2618741271315742759,False,False,0.0,train
blk_946279522533280896,False,False,0.0,train
blk_-5396915765290112926,False,False,0.0,train
blk_1588135117036543277,False,False,0.0,train
blk_4679007169598894991,False,False,0.0,train
blk_6941294836718071090,False,False,0.0,train
blk_-6834643572714685146,False,False,0.0,train
blk_2402389604536160477,False,False,0.0,train
blk_3155202909730334813,False,False,0.0,train
blk_-2674857911841813851,False,False,0.0,train
blk_-7645434041056783512,False,False,0.0,train
blk_395387768847060753,False,False,0.0,train
blk_-2395278670196448513,False,False,0.0,train
blk_3752377836828037272,False,False,0.0,train
blk_3545265936243073802,False,False,0.0,train
blk_7951884590850562414,True,False,0.0,train
blk_5892566928788372707,False,False,0.0,train
blk_-7590913608990175311,False,False,0.0,train
blk_-1821726555814864846,False,False,0.0,train
blk_7038519551373363881,False,False,0.0,train
blk_-8911447789335190051,False,False,0.0,train
blk_-5222029744473476659,False,False,0.0,train
blk_-4223063275950422470,False,False,0.0,train
blk_5530912220068549512,False,False,0.0,train
blk_-990613683415176734,False,False,0.0,train
blk_-4018749104981137302,False,False,0.0,train
blk_8724162358048053519,False,False,0.0,train
blk_-990982730997976756,False,False,0.0,train
blk_6252997523840862873,False,False,0.0,train
blk_8609243670539523287,False,False,0.0,train
blk_8126674266716932061,False,False,0.0,train
blk_1118280264213894389,False,False,0.0,train
blk_-8264358713703010971,False,False,0.0,train
blk_-5570875149114481618,False,False,0.0,train
blk_4011209840575947719,False,False,0.0,train
blk_7648436334209344608,True,True,1.5471,train
blk_8011747046121692200,False,False,0.0,train
blk_-1863099506363784967,False,False,0.0,train
blk_-1379129985473209977,False,False,0.0,train
blk_-3845416332326132271,False,False,0.0,train
blk_-4888640165605517627,False,False,0.0,train
blk_-817401175336129321,False,False,0.0,train
blk_4320014842947577758,False,False,0.0,train
blk_8101613600824377173,False,False,0.0,train
blk_8998492362951356511,False,False,0.0,train
blk_2487726328979553595,False,False,0.0,train
blk_321306018809343322,False,False,0.0,train
blk_-5008219230249118429,False,False,0.0,train
blk_4090224566936193919,False,False,0.0,train
blk_-7421690778186328738,False,False,0.0,train
blk_-4038933124210532319,False,False,0.0,train
blk_1623319458168739959,False,False,0.0,train
blk_-6371756779080249112,False,False,0.0,train
blk_-3673148213758137267,False,False,0.0,train
blk_2303543732299027481,False,False,0.0,train
blk_6696626374130615397,False,False,0.0,train
blk_6510375913907185934,False,False,0.0,train
blk_-4856764023353422443,False,False,0.0,train
blk_-2558498627417033797,False,False,0.0,train
blk_-2706912306489512868,False,False,0.0,train
blk_6278466026981984644,False,False,0.0,train
blk_-6730439668928685606,False,False,0.0,train
blk_7144515349779591494,False,False,0.0,train
blk_4912701224958239164,False,False,0.0,train
blk_-8933090753726607633,False,False,0.0,train
blk_2625658267964712968,False,False,0.0,train
blk_8243751147898430262,False,False,0.0,train
blk_-1820533276097176285,False,False,0.0,train
blk_715716749116703060,False,False,0.0,train
blk_8687795892166456808,False,False,0.0,train
blk_4991189768018392660,False,False,0.0,train
blk_1113953907998220170,False,False,0.0,train
blk_8355499412557405187,False,False,0.0,train
blk_-127412191533281019,False,False,0.0,train
blk_-1846600785481316075,False,False,0.0,train
blk_6865841608344497591,False,False,0.0,train
blk_8277429727722645510,True,False,0.0,train
blk_8051533966603457796,False,False,0.0,train
blk_6051377840952146107,False,False,0.0,train
blk_-8323381503789020006,False,False,0.0,train
blk_-1826247045949451951,False,False,0.0,train
blk_2541181042083816763,False,False,0.0,train
blk_-3795454314453308098,False,False,0.0,train
blk_-2384161089122639582,False,False,0.0,train
blk_8669216175735562689,True,False,0.0,train
blk_-4265125832367011529,False,False,0.0,train
blk_-721553672461662337,False,False,0.0,train
blk_-3691824481832516628,False,False,0.0,train
blk_-3509338019212606337,False,False,0.0,train
blk_8869736409186522879,True,False,0.0,train
blk_3453704704640899243,False,False,0.0,train
blk_-5386988219854944958,False,False,0.0,train
blk_5968488452758896249,False,False,0.0,train
blk_9147665301802846033,False,False,0.0,train
blk_-5385849387118604908,False,False,0.0,train
blk_2273045425691128239,False,False,0.0,train
blk_-9029558249250325130,False,False,0.0,train
blk_521969220703599538,False,False,0.0,train
blk_-2863201770026599777,False,False,0.0,train
blk_7299377195610024288,False,False,0.0,train
blk_-1986451035900067644,False,False,0.0,train
blk_8846721631607023562,False,False,0.0,train
blk_-7821105779207422254,False,False,0.0,train
blk_-6697030297881013790,False,False,0.0,train
blk_4440487262606290321,False,False,0.0,train
blk_-5701143793635761713,False,False,0.0,train
blk_-5434091827285625789,False,False,0.0,train
blk_-5676644901999673679,False,False,0.0,train
blk_-5144253672909461012,False,False,0.0,train
blk_-842167226993033719,False,False,0.0,train
blk_2356857594143257210,False,False,0.0,train
blk_-3477270318641757693,False,False,0.0,train
blk_7517176053351935472,False,False,0.0,train
blk_-46556259380530564,False,False,0.0,train
blk_-4017637023667203709,False,False,0.0,train
blk_-5387101733791762811,False,False,0.0,train
blk_-1566403828082382042,False,False,0.0,train
blk_-2814235312117280808,False,False,0.0,train
blk_-88742971057695972,False,False,0.0,train
blk_2309144736445361280,False,False,0.0,train
blk_-5907050650192233811,False,False,0.0,train
blk_6574247722400742671,False,False,0.0,train
blk_-6013644698032303277,False,False,0.0,train
blk_-8975754996516287993,False,False,0.0,train
blk_2515010227669389861,False,False,0.0,train
blk_-1710858355395509843,False,False,0.0,train
blk_-3718895070155956319,False,False,0.0,train
blk_4719467755374060835,False,False,0.0,train
blk_3416840633140085323,False,False,0.0,train
blk_-4954797974168461447,False,False,0.0,train
blk_-1611394945805868859,False,False,0.0,train
blk_-4529101866793568311,False,False,0.0,train
blk_-8878138529460157563,False,False,0.0,train
blk_-2014907914457782487,False,False,0.0,train
blk_-6487613344870651869,False,False,0.0,train
blk_1809838057337165109,False,False,0.0,train
blk_-2897655469891048865,False,False,0.0,train
blk_5356043036107891231,False,False,0.0,train
blk_4054739273358758384,False,False,0.0,train
blk_-7532261676733384688,False,False,0.0,train
blk_-3522074567525507264,False,False,0.0,train
blk_-3259431604489110175,False,False,0.0,train
blk_-6447565538622135839,False,False,0.0,train
blk_-1124378847893374737,False,False,0.0,train
blk_6066745012133005847,False,False,0.0,train
blk_-2265941679410258350,False,False,0.0,train
blk_-8391159290231043659,False,False,0.0,train
blk_1828698508272194356,False,False,0.0,train
blk_-7381676327533691089,False,False,0.0,train
blk_503171034280877882,False,False,0.0,train
blk_-7441271595321487821,False,False,0.0,train
blk_227508842371733469,False,False,0.0,train
blk_-1183464706680174833,False,False,0.0,train
blk_-2885170615836485223,False,False,0.0,train
blk_4799422628120502253,False,False,0.0,train
blk_-5386096634569541848,False,False,0.0,train
blk_-2362390499446434919,False,False,0.0,train
blk_-5632077416345354595,False,False,0.0,train
blk_3845886079322947870,False,False,0.0,train
blk_-243518633461176795,False,False,0.0,train
blk_3815510679457932917,False,False,0.0,train
blk_4786705976324985496,False,False,0.0,train
blk_-7140108066979678940,False,False,0.0,train
blk_-7628164677193243450,False,False,0.0,train
blk_3344322658465655261,False,False,0.0,train
blk_2031265064698124255,False,False,0.0,train
blk_-8403885099241100591,False,False,0.0,train
blk_3689862003003839648,False,False,0.0,train
blk_-8236258507829823565,False,False,0.0,train
blk_-91432804283851948,False,False,0.0,train
blk_1950535587854807737,False,False,0.0,train
blk_-8137933268063044270,False,False,0.0,train
blk_5482154336643183343,True,True,2.3527,train
blk_6323142914867294839,False,False,0.0,train
blk_-4847640162186693495,False,False,0.0,train
blk_5239572833151913015,False,False,0.0,train
blk_-8049605842142525932,False,False,0.0,train
blk_1435777409246420619,False,False,0.0,train
blk_-33097401154231780,False,False,0.0,train
blk_-61850960237133349,False,False,0.0,train
blk_555888138413033874,False,False,0.0,train
blk_7991647870270032367,False,False,0.0,train
blk_7987026676019736829,False,False,0.0,train
blk_-1473991145716193874,False,False,0.0,train
blk_-6787686962403815845,False,False,0.0,train
blk_-7097069771219918179,False,False,0.0,train
blk_-55630469942090497,False,False,0.0,train
blk_4369831876549054440,False,False,0.0,train
blk_4425968549912657176,False,False,0.0,train
blk_3871676097257029060,False,False,0.0,train
blk_-5571877100883439036,False,False,0.0,train
blk_-2995066397043527790,False,False,0.0,train
blk_8812029587452243968,False,False,0.0,train
blk_-2401417782770695827,False,False,0.0,train
blk_-398207552508834674,False,False,0.0,train
blk_-4438800850369973059,False,False,0.0,train
blk_-1357456195821841398,False,False,0.0,train
blk_2463844021429685333,False,False,0.0,train
blk_-1408718039728226293,False,False,0.0,train
blk_-5303986341485696314,False,False,0.0,train
blk_2505870109700078272,False,False,0.0,train
blk_-3358893437319682620,False,False,0.0,train
blk_-5447417104355795463,True,True,1.5471,train
blk_3389471606855124519,False,False,0.0,train
blk_-2600584746587629507,False,False,0.0,train
blk_-7905267951566891324,False,False,0.0,train
blk_-4199328767691809938,False,False,0.0,train
blk_-2826643498307260611,False,False,0.0,train
blk_-1223442617988396746,False,False,0.0,train
blk_8201117867106038775,True,True,2.3527,train
blk_-3512342408067619805,False,False,0.0,train
blk_-8677774271908846649,False,False,0.0,train
blk_-8311692863090491538,False,False,0.0,train
blk_-1258825825333475363,False,False,0.0,train
blk_1222487654660893933,False,False,0.0,train
blk_-2801253304834922536,False,False,0.0,train
blk_-1304321836760140315,False,False,0.0,train
blk_6492398147974721894,False,False,0.0,train
blk_3552671328896716431,False,False,0.0,train
blk_-6191791665510493031,False,False,0.0,train
blk_8595953129858897576,True,False,0.0,train
blk_-4764998817880326952,False,False,0.0,train
blk_1778384394612504081,False,False,0.0,train
blk_-4777172021454732874,False,False,0.0,train
blk_-1347913703870477362,False,False,0.0,train
blk_-5781752082508616053,False,False,0.0,train
blk_423443046299723227,False,False,0.0,train
blk_-6618124016448099417,False,False,0.0,train
blk_2746485420753697964,False,False,0.0,train
blk_-4204337306619170127,False,False,0.0,train
blk_2453945987891191744,False,False,0.0,train
blk_-1966946637220555511,False,False,0.0,train
blk_-4749712354714045,False,False,0.0,train
blk_-889475025796775162,False,False,0.0,train
blk_-5197228044059643395,False,False,0.0,train
blk_6815683158341833117,False,False,0.0,train
blk_668428668439535381,False,False,0.0,train
blk_-1828363868698250426,False,False,0.0,train
blk_-7730745308963525191,False,False,0.0,train
blk_747933557504373976,False,False,0.0,train
blk_1542965960180398278,False,False,0.0,train
blk_455726972106025727,False,False,0.0,train
blk_1758058140904291753,False,False,0.0,train
blk_-2279759837188762389,False,False,0.0,train
blk_5335446654170551956,False,False,0.0,train
blk_-7736161395577686148,False,False,0.0,train
blk_4910293697632317908,False,False,0.0,train
blk_78794702720525321,False,False,0.0,train
blk_5014914577685232619,False,False,0.0,train
blk_-2895335719980728177,False,False,0.0,train
blk_2465055770030249745,False,False,0.0,train
blk_-470363052397321768,False,False,0.0,train
blk_1996595509196968550,False,False,0.0,train
blk_-416763771108748497,False,False,0.0,train
blk_7505495163819331501,True,False,0.0,train
blk_-5007147236685725255,False,False,0.0,train
blk_6739754674606691237,False,False,0.0,train
blk_3076887857468199302,False,False,0.0,train
blk_18256148351450558,False,False,0.0,train
blk_-8512245923735585801,False,False,0.0,train
blk_3801153218544685164,False,False,0.0,train
blk_-8691087091386656061,False,False,0.0,train
blk_1608137066036263307,False,False,0.0,train
blk_61436514893364328,False,False,0.0,train
blk_5047876460722366136,False,False,0.0,train
blk_-2342850909465634765,False,False,0.0,train
blk_4943682750417758971,False,False,0.0,train
blk_7032589184074625980,False,False,0.0,train
blk_8229193803249955061,False,False,0.0,train
blk_-725893085790216937,False,False,0.0,train
blk_-4958757915417039436,False,False,0.0,train
blk_4768721780245515246,False,False,0.0,train
blk_8827951563980824329,True,False,0.0,train
blk_7689982531196174133,True,True,2.3527,train
blk_2361401024875843209,False,False,0.0,train
blk_-3043697933263783109,False,False,0.0,train
blk_6223823434482424152,False,False,0.0,train
blk_-5739328235371990515,False,False,0.0,train
blk_-7403016268243448407,False,False,0.0,train
blk_-7235931768068772309,False,False,0.0,train
blk_4199009122847530169,False,False,0.0,train
blk_155941754525046120,False,False,0.0,train
blk_-4967518342558448442,False,False,0.0,train
blk_-7621600738534407302,False,False,0.0,train
blk_4198412011467623795,False,False,0.0,train
blk_3825272597220853238,False,False,0.0,train
blk_-3704880300647273626,False,False,0.0,train
blk_8163021404287658298,False,False,0.0,train
blk_7732306871241740755,False,False,0.0,train
blk_6448203317402452999,False,False,0.0,train
blk_3593946715364277837,False,False,0.0,train
blk_-3141165586675165534,False,False,0.0,train
blk_8628705433120563184,False,False,0.0,train
blk_-8441547212932974836,False,False,0.0,train
blk_-3463870207777353588,False,False,0.0,train
blk_4562108002631923311,False,False,0.0,train
blk_4458507905730725071,False,False,0.0,train
blk_-4734376377273630539,False,False,0.0,train
blk_5457015521868299029,False,False,0.0,train
blk_5273716902983920567,False,False,0.0,train
blk_-4408335476140562659,False,False,0.0,train
blk_-7060928140365385716,False,False,0.0,train
blk_3125478205253565053,False,False,0.0,train
blk_8308890730054904384,False,False,0.0,train
blk_1211267575847435120,False,False,0.0,train
blk_1692120908097027760,True,False,0.0,train
blk_8573042782059402313,False,False,0.0,train
blk_-7527795791124767428,False,False,0.0,train
blk_-6987163578195053054,False,False,0.0,train
blk_1023456518502237369,False,False,0.0,train
blk_-7300812723178423592,False,False,0.0,train
blk_2772369251841858397,False,False,0.0,train
blk_1707021039748911286,False,False,0.0,train
blk_-6409444605489077790,False,False,0.0,train
blk_2176961593541361818,False,False,0.0,train
blk_397028259025382159,False,False,0.0,train
blk_-4896343875963279452,False,False,0.0,train
blk_-2433101765533683500,False,False,0.0,train
blk_-6967251424766193236,False,False,0.0,train
blk_1848178068587188805,False,False,0.0,train
blk_69209702180793269,False,False,0.0,train
blk_2481863231556334692,False,False,0.0,train
blk_3775893535532500565,False,False,0.0,train
blk_2634160211713591440,False,False,0.0,train
blk_1447001274902055614,False,False,0.0,train
blk_1889006843934975072,False,False,0.0,train
blk_7283825910462335201,False,False,0.0,train
blk_-8843931208725717959,False,False,0.0,train
blk_1197678966039862923,False,False,0.0,train
blk_6133073023894582922,False,False,0.0,train
blk_-8933869562636365621,False,False,0.0,train
blk_6141781118183491756,False,False,0.0,train
blk_-7723434696725508232,False,False,0.0,train
blk_-3605146934398395656,False,False,0.0,train
blk_8083721924934697803,False,False,0.0,train
blk_8362325295506522506,True,False,0.0,train
blk_7780613312194489579,False,False,0.0,train
blk_9086995020773881598,False,False,0.0,train
blk_-393482409399829097,False,False,0.0,train
blk_-7231735712257296909,False,False,0.0,train
blk_-8240883429454269484,False,False,0.0,train
blk_-4517563680874308435,False,False,0.0,train
blk_-3048100091565287612,True,True,1.5471,train
blk_-84119410578218384,False,False,0.0,train
blk_-7384940512568711172,False,False,0.0,train
blk_1086420193925825135,False,False,0.0,train
blk_3463279800570089599,False,False,0.0,train
blk_-4173384710515759223,False,False,0.0,train
blk_4844927006772029612,False,False,0.0,train
blk_4729110859362742475,False,False,0.0,train
blk_-4198189458065174774,False,False,0.0,train
blk_5524899289540949758,False,False,0.0,train
blk_-1819650066051079409,False,False,0.0,train
blk_708509238301532717,False,False,0.0,train
blk_-3922994640824746940,False,False,0.0,train
blk_8473853412339672967,False,False,0.0,train
blk_-6918800307607024894,False,False,0.0,train
blk_946630416498354603,False,False,0.0,train
blk_-2102143846520157402,False,False,0.0,train
blk_-5824119773604657812,False,False,0.0,train
blk_5344118796473744386,False,False,0.0,train
blk_-6026376533252731589,False,False,0.0,train
blk_1144633102530531170,False,False,0.0,train
blk_-5832398939494779778,False,False,0.0,train
blk_-2190210906526916834,False,False,0.0,train
blk_-785537735292098842,False,False,0.0,train
blk_-2477141112774378706,False,False,0.0,train
blk_3093127367153705019,True,False,0.0,train
blk_-4745037934320897307,False,False,0.0,train
blk_7595763088129517708,False,False,0.0,train
blk_-6530960515863328774,False,False,0.0,train
blk_1017570728263515592,False,False,0.0,train
blk_-1187840469219859631,False,False,0.0,train
blk_-8810817302231021189,False,False,0.0,train
blk_-6896601099409220599,False,False,0.0,train
blk_552221420268760514,False,False,0.0,train
blk_7985524981839863080,True,False,0.0,train
blk_7604683085433170185,True,False,0.0,train
blk_3017908024271330556,False,False,0.0,train
blk_3978172721377843046,False,False,0.0,train
blk_3710798710102649675,False,False,0.0,train
blk_-8844148066965561203,False,False,0.0,train
blk_8094502026104300628,False,False,0.0,train
blk_-5915068625892126496,False,False,0.0,train
blk_-4291117831125838295,False,False,0.0,train
blk_-3855300231995485387,False,False,0.0,train
blk_-5941433100582606774,False,False,0.0,train
blk_3610735136856166450,False,False,0.0,train
blk_1861618005594038040,False,False,0.0,train
blk_4479034282221691265,True,False,0.0,train
blk_268921466088002153,False,False,0.0,train
blk_6351437309877084507,False,False,0.0,train
blk_3830697092527285549,False,False,0.0,train
blk_-1347806472883544245,False,False,0.0,train
blk_-1755211434991893058,False,False,0.0,train
blk_666226369184845779,False,False,0.0,train
blk_3396452398155135217,False,False,0.0,train
blk_6317497130391960860,False,False,0.0,train
blk_-3429626933012764517,False,False,0.0,train
blk_-3504772947394982919,False,False,0.0,train
blk_-1827360895626743580,False,False,0.0,train
blk_-7058795786558151209,False,False,0.0,train
blk_5341147338373487456,False,False,0.0,train
blk_7540624223679587518,False,False,0.0,train
blk_-4525106451631148227,False,False,0.0,train
blk_2299327360406878240,True,True,2.3527,train
blk_3177215120399888381,False,False,0.0,train
blk_4229018881350702018,False,False,0.0,train
blk_8229641838964044653,False,False,0.0,train
blk_1748624521682500867,False,False,0.0,train
blk_6385050489168251027,False,False,0.0,train
blk_-4714567228205373146,False,False,0.0,train
blk_-4417221323334750771,False,False,0.0,train
blk_7814319207504371345,False,False,0.0,train
blk_-1306212580138616103,False,False,0.0,train
blk_457626051374303579,False,False,0.0,train
blk_7788147149105888233,False,False,0.0,train
blk_2633072144245713422,False,False,0.0,train
blk_8407665648768591768,False,False,0.0,train
blk_7385666194491345346,False,False,0.0,train
blk_5362004763919686020,False,False,0.0,train
blk_-6889465859030157711,False,False,0.0,train
blk_-4636159087827707811,True,False,0.0,train
blk_-4778530977084397519,False,False,0.0,train
blk_-749943446931802967,False,False,0.0,train
blk_-4135271423463166693,False,False,0.0,train
blk_-190562753580009967,False,False,0.0,train
blk_7569696952249344008,False,False,0.0,train
blk_7021972623387558057,False,False,0.0,train
blk_-7512882922768845780,False,False,0.0,train
blk_347358954730470267,False,False,0.0,train
blk_4707584427209347007,False,False,0.0,train
blk_8591542202077771197,True,True,1.5471,train
blk_-6213873729223213221,False,False,0.0,train
blk_-5484140636019222892,False,False,0.0,train
blk_5085937246279893054,False,False,0.0,train
blk_-9008303237634824791,False,False,0.0,train
blk_-8568238799136156069,False,False,0.0,train
blk_4257748394530943920,False,False,0.0,train
blk_-190538771749466974,False,False,0.0,train
blk_-2150443612646972515,False,False,0.0,train
blk_-402923369251941703,False,False,0.0,train
blk_4737896984579346958,False,False,0.0,train
blk_3774090704371676253,False,False,0.0,train
blk_3490915398683954560,False,False,0.0,train
blk_-7802752206828748531,False,False,0.0,train
blk_7217614889013313498,False,False,0.0,train
blk_8968880816492297239,False,False,0.0,train
blk_8534237707549154279,True,False,0.0,train
blk_7415167931087803483,False,False,0.0,train
blk_699498589875016475,False,False,0.0,train
blk_-560285470174966209,False,False,0.0,train
blk_3349356462940822389,False,False,0.0,train
blk_-4406422365800024910,False,False,0.0,train
blk_-4351188904554263838,False,False,0.0,train
blk_-1584242180449089941,False,False,0.0,train
blk_-4986035398712466779,False,False,0.0,train
blk_1755611597604576316,False,False,0.0,train
blk_1351054831790635703,False,False,0.0,train
blk_-2604143692961667060,False,False,0.0,train
blk_-8155237096502090092,False,False,0.0,train
blk_9125365570068442212,False,False,0.0,train
blk_-2258173233800732188,False,False,0.0,train
blk_-1560850019804422298,False,False,0.0,train
blk_-1896576695098440656,False,False,0.0,train
blk_1803228259687269468,False,False,0.0,train
blk_-8569471437543731924,False,False,0.0,train
blk_-7412653491032983722,False,False,0.0,train
blk_6566392350384288298,False,False,0.0,train
blk_5185593359299009822,False,False,0.0,train
blk_7785509495042456296,False,False,0.0,train
blk_2970373600052721740,False,False,0.0,train
blk_-4425116297166526474,False,False,0.0,train
blk_4442338230034234689,False,False,0.0,train
blk_4303627402609067473,False,False,0.0,train
blk_-4029295427425860743,False,False,0.0,train
blk_1438027581498050388,False,False,0.0,train
blk_-5129881466531252767,False,False,0.0,train
blk_1206297444059407272,False,False,0.0,train
blk_2486178942380652748,True,False,0.0,train
blk_2711085702119182187,False,False,0.0,train
blk_8722226089064511820,False,False,0.0,train
blk_-4035747593787715753,False,False,0.0,train
blk_-8300434430586159433,False,False,0.0,train
blk_8708515847259434656,False,False,0.0,train
blk_7050601904536134027,False,False,0.0,train
blk_-604628085154062591,False,False,0.0,train
blk_-6967350993390301921,False,False,0.0,train
blk_4752250141669900991,False,False,0.0,train
blk_8114670643662631981,False,False,0.0,train
blk_8227460729600369766,False,False,0.0,train
blk_-8637907575308655119,False,False,0.0,train
blk_7667610007772030447,False,False,0.0,train
blk_-2650739429477951096,False,False,0.0,train
blk_6636711801972346068,False,False,0.0,train
blk_-3409916772924686883,False,False,0.0,train
blk_-4844882844844688070,False,False,0.0,train
blk_-1270689055289814121,False,False,0.0,train
blk_-4182543952784946809,False,False,0.0,train
blk_-6949403692315864808,False,False,0.0,train
blk_1861371897328937194,False,False,0.0,train
blk_-1786713632176961281,False,False,0.0,train
blk_6881023549654865807,False,False,0.0,train
blk_-6670958622368987959,False,False,0.0,train
blk_-1547507766134447561,False,False,0.0,train
blk_-6469045872540600864,False,False,0.0,train
blk_-1420295712741911604,False,False,0.0,train
blk_8836870586727352384,False,False,0.0,train
blk_-4747915836524582961,False,False,0.0,train
blk_-792153114497412871,False,False,0.0,train
blk_5441628397630768595,False,False,0.0,train
blk_-7022453396105738495,False,False,0.0,train
blk_-7544674224974361757,False,False,0.0,train
blk_4766071777347780487,False,False,0.0,train
blk_4290408627270310959,False,False,0.0,train
blk_-5358660718447587585,False,False,0.0,train
blk_-6921855556554428727,False,False,0.0,train
blk_-3327927740277102206,False,False,0.0,train
blk_5156246201555231847,False,False,0.0,train
blk_-3311001764160777552,False,False,0.0,train
blk_4540070126070345422,False,False,0.0,train
blk_5929032140236122817,False,False,0.0,train
blk_-7248923199470866308,False,False,0.0,train
blk_7042587386141482587,False,False,0.0,train
blk_-8714974597146948066,False,False,0.0,train
blk_6950575114473625182,False,False,0.0,train
blk_2804037669331396910,False,False,0.0,train
blk_-6918464428750225591,False,False,0.0,train
blk_4480148060113358974,False,False,0.0,train
blk_-7203785233557014518,False,False,0.0,train
blk_7694933495217455268,False,False,0.0,train
blk_-4604588889808671352,False,False,0.0,train
blk_-8657207725449757033,False,False,0.0,train
blk_2434082132310920075,False,False,0.0,train
blk_5562070031640540989,False,False,0.0,train
blk_291249785923698087,False,False,0.0,train
blk_2260951650281114261,False,False,0.0,train
blk_-9190577245403683645,False,False,0.0,train
blk_8748449084036639680,False,False,0.0,train
blk_2203372990219584336,False,False,0.0,train
blk_5700648083503165548,False,False,0.0,train
blk_1847751055431572519,False,False,0.0,train
blk_8752080262068586661,False,False,0.0,train
blk_6244124156840726054,False,False,0.0,train
blk_-3434892039276033537,False,False,0.0,train
blk_-2911018080547834367,False,False,0.0,train
blk_274252151018950480,False,False,0.0,train
blk_6728503176963410390,False,False,0.0,train
blk_4361240847831992854,False,False,0.0,train
blk_-8130710544361996953,False,False,0.0,train
blk_7462751353974435754,False,False,0.0,train
blk_6644683928676710498,False,False,0.0,train
blk_-8230449739530429358,False,False,0.0,train
blk_-1813727135930452167,False,False,0.0,train
blk_6090670989626527671,False,False,0.0,train
blk_-2115722715941358272,False,False,0.0,train
blk_-1730618134326808759,False,False,0.0,train
blk_2588526326123272649,False,False,0.0,train
blk_-4894414628453190135,False,False,0.0,train
blk_7194600267425527658,False,False,0.0,train
blk_-5962885040407980312,False,False,0.0,train
blk_1992906512538809273,False,False,0.0,train
blk_894914525599368363,False,False,0.0,train
blk_-5563829489863354387,False,False,0.0,train
blk_7824672569069983415,False,False,0.0,train
blk_-6313868889309442755,False,False,0.0,train
blk_8241532395156119733,False,False,0.0,train
blk_4492755746938670310,False,False,0.0,train
blk_-1947488426534296490,False,False,0.0,train
blk_7434594527658857386,False,False,0.0,train
blk_876713105020219881,False,False,0.0,train
blk_-2573136745777240808,False,False,0.0,train
blk_-8817637683284184310,False,False,0.0,train
blk_6672820659127373375,False,False,0.0,train
blk_-1736272207681412479,False,False,0.0,train
blk_7174484969998621544,False,False,0.0,train
blk_-2794533871450434534,False,False,0.0,train
blk_-4119196405500765810,False,False,0.0,train
blk_1699874983720936447,False,False,0.0,train
blk_94532469781036695,False,False,0.0,train
blk_6797167627343588050,False,False,0.0,train
blk_-5428745678867480785,False,False,0.0,train
blk_-8011247933957438385,False,False,0.0,train
blk_1142469366191058578,False,False,0.0,train
blk_-6276507251553936328,False,False,0.0,train
blk_-4643564465080866653,False,False,0.0,train
blk_5589437616607043099,False,False,0.0,train
blk_6692805812095716223,False,False,0.0,train
blk_3763728533434719668,False,False,0.0,train
blk_6416937654158892387,False,False,0.0,train
blk_6450591351105077990,False,False,0.0,train
blk_-5355468392029027183,False,False,0.0,train
blk_-8483717101584470460,False,False,0.0,train
blk_4917461147254412517,False,False,0.0,train
blk_8711516546600515541,False,False,0.0,train
blk_2721250227577520977,False,False,0.0,train
blk_-347456684437285495,False,False,0.0,train
blk_5914116153840408718,False,False,0.0,train
blk_-6454309482118592005,False,False,0.0,train
blk_-7010613404879555409,False,False,0.0,train
blk_-4333692910204096403,False,False,0.0,train
blk_-6937577815924984335,False,False,0.0,train
blk_8012935044699341718,False,False,0.0,train
blk_-8199943118522925485,False,False,0.0,train
blk_-2163204846856240368,False,False,0.0,train
blk_-5121199652143580206,False,False,0.0,train
blk_-3421274606957652883,False,False,0.0,train
blk_293368386755536200,False,False,0.0,train
blk_8027554778714630524,False,False,0.0,train
blk_-846692099590749104,False,False,0.0,train
blk_-6540570455779562965,False,False,0.0,train
blk_-6666757977935627854,False,False,0.0,train
blk_-3235241987235866077,False,False,0.0,train
blk_-3053622257909833673,False,False,0.0,train
blk_8373686693407287374,False,False,0.0,train
blk_8398415844175670399,False,False,0.0,train
blk_-2689287637588733053,False,False,0.0,train
blk_157880035558774510,False,False,0.0,train
blk_4487861221753299723,False,False,0.0,train
blk_525877847570074806,False,False,0.0,train
blk_-8188730556182299562,True,True,1.5471,train
blk_-2725298317201749678,False,False,0.0,train
blk_-5971010773353807177,False,False,0.0,train
blk_1389388510543546869,False,False,0.0,train
blk_1390945556695501285,False,False,0.0,train
blk_-8574115760496854397,False,False,0.0,train
blk_-3354931950447396432,False,False,0.0,train
blk_5387672874091038371,False,False,0.0,train
blk_6500160268110250004,False,False,0.0,train
blk_8156675018981227536,False,False,0.0,train
blk_-3681672541792013824,False,False,0.0,train
blk_2064273001844072423,False,False,0.0,train
blk_-8724623982765517585,False,False,0.0,train
blk_-252828676911189829,False,False,0.0,train
blk_2003467785092108464,False,False,0.0,train
blk_4947679901591323250,False,False,0.0,train
blk_8654029530801577824,False,False,0.0,train
blk_7434291170589603247,False,False,0.0,train
blk_-7848863444115954042,False,False,0.0,train
blk_2895341099401957222,False,False,0.0,train
blk_1649891874616294873,False,False,0.0,train
blk_-2050259894926711218,False,False,0.0,train
blk_7498741417206238255,False,False,0.0,train
blk_1683273649790056108,False,False,0.0,train
blk_7854675116127579516,False,False,0.0,train
blk_7565480885848336489,False,False,0.0,train
blk_4806976543731996751,False,False,0.0,train
blk_4479482474608161111,False,False,0.0,train
blk_-1921961527007225482,False,False,0.0,train
blk_8432511667842351546,False,False,0.0,train
blk_4791424661982553998,False,False,0.0,train
blk_-1738283557460552416,False,False,0.0,train
blk_3780802375455020982,False,False,0.0,train
blk_-5039704551927839220,False,False,0.0,train
blk_-3214701566886479003,False,False,0.0,train
blk_250120624264437068,False,False,0.0,train
blk_-2466099400690176692,False,False,0.0,train
blk_-1912032236474928481,False,False,0.0,train
blk_1968368452697134719,False,False,0.0,train
blk_-5739967455971123831,False,False,0.0,train
blk_-1129166233852061668,False,False,0.0,train
blk_1907193123990348590,True,True,2.3527,train
blk_4326087434739051889,False,False,0.0,train
blk_4169644741804195812,False,False,0.0,train
blk_4778480235039688869,False,False,0.0,train
blk_-3389177378870739273,False,False,0.0,train
blk_-635695292241008211,False,False,0.0,train
blk_9207910635144706913,False,False,0.0,train
blk_-7551585676360109400,False,False,0.0,train
blk_2530388316556124019,False,False,0.0,train
blk_-142836961604175725,False,False,0.0,train
blk_1178625447686896520,False,False,0.0,train
blk_-5111066128434112385,False,False,0.0,train
blk_3927532125987351551,False,False,0.0,train
blk_3108396770070519969,False,False,0.0,train
blk_-3636878232442097475,False,False,0.0,train
blk_-4584260656075541553,True,True,1.5471,train
blk_7147312478337538259,False,False,0.0,train
blk_-6231707776135892065,False,False,0.0,train
blk_4296336748908023245,False,False,0.0,train
blk_1335153844785062057,False,False,0.0,train
blk_-6683979881066583954,False,False,0.0,train
blk_3065541883243275020,False,False,0.0,train
blk_-4833308381740960263,False,False,0.0,train
blk_8607755518709969388,False,False,0.0,train
blk_67014228475459142,False,False,0.0,train
blk_-8615991803757223008,False,False,0.0,train
blk_-5650284071008393242,False,False,0.0,train
blk_-3367377714940686253,False,False,0.0,train
blk_6712360554908994262,False,False,0.0,train
blk_-4430268671514597634,False,False,0.0,train
blk_-3890620184238304904,False,False,0.0,train
blk_-7766155068899289302,False,False,0.0,train
blk_-5497312804970457023,False,False,0.0,train
blk_-3341199748243896329,False,False,0.0,train
blk_6751650751122778073,False,False,0.0,train
blk_6768350217529688359,False,False,0.0,train
blk_-457852181613328617,False,False,0.0,train
blk_373935156532053914,False,False,0.0,train
blk_3805652727001603755,False,False,0.0,train
blk_6237625186476542494,False,False,0.0,train
blk_-8744931613588169804,False,False,0.0,train
blk_-314107610177489077,False,False,0.0,train
blk_-6734081660378278398,False,False,0.0,train
blk_1331599298889698224,False,False,0.0,train
blk_-2225888622985681791,False,False,0.0,train
blk_1036374242237523069,False,False,0.0,train
blk_900425335137230189,False,False,0.0,train
blk_7671739294979145497,False,False,0.0,train
blk_-2237887502711291771,False,False,0.0,train
blk_-6632242184303673957,False,False,0.0,train
blk_4730022496313134793,False,False,0.0,train
blk_4577053978146015267,False,False,0.0,train
blk_-1074070294958211790,False,False,0.0,train
blk_4420336081055191717,False,False,0.0,train
blk_-8753409481498952821,False,False,0.0,train
blk_-3499713240165208085,False,False,0.0,train
blk_472586270769658679,False,False,0.0,train
blk_-9156203759104850182,False,False,0.0,train
blk_4648733430518750846,False,False,0.0,train
blk_-7797984967924990744,False,False,0.0,train
blk_-678322458019836309,False,False,0.0,train
blk_3988537391171215624,False,False,0.0,train
blk_-9034620301096426303,False,False,0.0,train
blk_-1766898098553984260,False,False,0.0,train
blk_8795343275607454351,False,False,0.0,train
blk_5008841923475416824,False,False,0.0,train
blk_-6171624997176264816,False,False,0.0,train
blk_-7290873515824083883,False,False,0.0,train
blk_-4395406062207306247,False,False,0.0,train
blk_8991236866820352815,False,False,0.0,train
blk_7253848346705871201,False,False,0.0,train
blk_-4448007328834054245,False,False,0.0,train
blk_3280849950453967951,False,False,0.0,train
blk_946975666003437596,False,False,0.0,train
blk_1443543431191598877,False,False,0.0,train
blk_4111139343027489833,False,False,0.0,train
blk_-2397977095781640646,False,False,0.0,train
blk_-85102242441687203,False,False,0.0,train
blk_6654201803861394546,False,False,0.0,train
blk_-8105438037470470143,False,False,0.0,train
blk_-6839690892103510231,False,False,0.0,train
blk_1011567211286536337,False,False,0.0,train
blk_8887442744230607529,False,False,0.0,train
blk_-4424319119122637536,False,False,0.0,train
blk_5654873935527700795,False,False,0.0,train
blk_8687300722271711987,True,False,0.0,train
blk_-2938067517944706485,False,False,0.0,train
blk_5097552313043507230,False,False,0.0,train
blk_2930578659237420617,False,False,0.0,train
blk_-5532418151426446568,False,False,0.0,train
blk_-4009570614766511690,False,False,0.0,train
blk_-9010102489541894962,False,False,0.0,train
blk_-4169968335954980662,False,False,0.0,train
blk_8683351316119837560,False,False,0.0,train
blk_3050920587428079149,False,False,0.0,train
blk_350182391184662474,False,False,0.0,train
blk_3685478162715799189,False,False,0.0,train
blk_8074191249935269840,True,False,0.0,train
blk_5016697470002843045,False,False,0.0,train
blk_1685834445851308163,False,False,0.0,train
blk_-1735128862116664313,False,False,0.0,train
blk_-4493330935532162531,False,False,0.0,train
blk_8438877587908664763,True,False,0.0,train
blk_3255061425020386650,False,False,0.0,train
blk_-5917352777938505821,False,False,0.0,train
blk_6251516767993920889,False,False,0.0,train
blk_3680859995890890162,False,False,0.0,train
blk_8055732282536177581,False,False,0.0,train
blk_-681546169624787596,False,False,0.0,train
blk_-8552415607681841770,False,False,0.0,train
blk_-1517205848352157774,False,False,0.0,train
blk_-1541170030404358988,False,False,0.0,train
blk_-3409167737062586221,False,False,0.0,train
blk_8386155670234862721,True,False,0.0,train
blk_8045710978210256939,False,False,0.0,train
blk_-3097130366485901325,False,False,0.0,train
blk_188945537915310061,False,False,0.0,train
blk_180998549762056627,False,False,0.0,train
blk_-687023828517293327,False,False,0.0,train
blk_-317025452561632428,False,False,0.0,train
blk_2298072726739764001,False,False,0.0,train
blk_-7833477571358343425,False,False,0.0,train
blk_-7654560734491838127,False,False,0.0,train
blk_-8028130285234165028,False,False,0.0,train
blk_1168457617329507345,False,False,0.0,train
blk_4754258681008999706,False,False,0.0,train
blk_2724193099115050673,False,False,0.0,train
blk_6115271592090178946,False,False,0.0,train
blk_-6244792945610404831,False,False,0.0,train
blk_213108939866971275,False,False,0.0,train
blk_-2252864954347275674,False,False,0.0,train
blk_-8341213535234725743,False,False,0.0,train
blk_7433651541391539876,False,False,0.0,train
blk_966206717171567607,False,False,0.0,train
blk_4949376579746329500,False,False,0.0,train
blk_-7726701663728257194,False,False,0.0,train
blk_-4114858251160676022,False,False,0.0,train
blk_-1272385028660685565,False,False,0.0,train
blk_-968946310297135118,False,False,0.0,train
blk_-4857218977907956225,False,False,0.0,train
blk_-7466748691800324357,False,False,0.0,train
blk_-6106585320796831523,False,False,0.0,train
blk_-2836535200662913264,False,False,0.0,train
blk_-5464192463790039835,False,False,0.0,train
blk_-3428219600444290373,False,False,0.0,train
blk_4170007757744061930,False,False,0.0,train
blk_-3473184801432409140,False,False,0.0,train
blk_-3712412093784273898,False,False,0.0,train
blk_2618143334157367599,False,False,0.0,train
blk_-1197424446715360604,False,False,0.0,train
blk_7410280219315853030,False,False,0.0,train
blk_-1637388960266734986,False,False,0.0,train
blk_4283203547498819183,False,False,0.0,train
blk_3219542368658048183,False,False,0.0,train
blk_-1170163599274267781,False,False,0.0,train
blk_3193278412205405580,False,False,0.0,train
blk_-8284328754653595860,False,False,0.0,train
blk_3447262222500659926,False,False,0.0,train
blk_4513750884578915537,False,False,0.0,train
blk_-925791580070487800,False,False,0.0,train
blk_2779584878471151702,False,False,0.0,train
blk_8465336617830732846,False,False,0.0,train
blk_3896692014033202014,False,False,0.0,train
blk_-6926658505411555831,False,False,0.0,train
blk_-7892363843336794108,False,False,0.0,train
blk_-8047483856624189780,False,False,0.0,train
blk_2752638602026311752,False,False,0.0,train
blk_3017821447643162452,False,False,0.0,train
blk_-3629339380441712772,False,False,0.0,train
blk_1729709289929511944,False,False,0.0,train
blk_7740200731746624935,False,False,0.0,train
blk_-2971105333323897616,False,False,0.0,train
blk_4357311876467533525,False,False,0.0,train
blk_-5371203087238916149,False,False,0.0,train
blk_2401760031778138677,False,False,0.0,train
blk_-5033665355123300521,False,False,0.0,train
blk_1712592270258860644,False,False,0.0,train
blk_-196908847985962980,False,False,0.0,train
blk_-4000271277927010782,True,True,1.5471,train
blk_308046410772494923,False,False,0.0,train
blk_2469053448449125733,False,False,0.0,train
blk_-6019171553687035760,False,False,0.0,train
blk_-6675500631553054391,False,False,0.0,train
blk_2854751391165080740,False,False,0.0,train
blk_-3717892754000707167,False,False,0.0,train
blk_2429444352985791917,False,False,0.0,train
blk_-4669906161750793112,False,False,0.0,train
blk_3891879128828301357,False,False,0.0,train
blk_-4876133515319297207,False,False,0.0,train
blk_2625175842464583467,False,False,0.0,train
blk_-7176590574028789133,False,False,0.0,train
blk_-6507123682856033222,False,False,0.0,train
blk_-2605958247816735263,False,False,0.0,train
blk_-8123976851136829138,False,False,0.0,train
blk_7373552687636226736,False,False,0.0,train
blk_-6687372100238424654,False,False,0.0,train
blk_4563954958611701366,False,False,0.0,train
blk_7571085821022831106,False,False,0.0,train
blk_-2782646528118632821,False,False,0.0,train
blk_-8138930718194985689,False,False,0.0,train
blk_5245800088125460403,False,False,0.0,train
blk_5689425793342006078,False,False,0.0,train
blk_-8425431613029333918,False,False,0.0,train
blk_4482089526504922100,False,False,0.0,train
blk_-5127815505824413306,False,False,0.0,train
blk_-10492715213662893,False,False,0.0,train
blk_1423185768830819826,False,False,0.0,train
blk_-4050677953738902509,False,False,0.0,train
blk_3784139118823984554,False,False,0.0,train
blk_-5455079000284219402,False,False,0.0,train
blk_-6993602426596288166,False,False,0.0,train
blk_7109616217776985607,False,False,0.0,train
blk_-8882186965412287512,False,False,0.0,train
blk_-333187793731426993,False,False,0.0,train
blk_2906406871357051099,False,False,0.0,train
blk_-1188694941716637617,False,False,0.0,train
blk_4385079400972582700,False,False,0.0,train
blk_-1786222049540472253,False,False,0.0,train
blk_5855292082925966480,False,False,0.0,train
blk_4745289058577390582,False,False,0.0,train
blk_-4834197854718577551,False,False,0.0,train
blk_-1881501677772939581,False,False,0.0,train
blk_-172205507113742244,False,False,0.0,train
blk_4366103168920518469,False,False,0.0,train
blk_8496181493712107497,False,False,0.0,train
blk_-916847834832214865,False,False,0.0,train
blk_-4674986792407494883,False,False,0.0,train
blk_4994441152033543327,False,False,0.0,train
blk_780270035248450783,False,False,0.0,train
blk_2417363731073344373,True,False,0.0,train
blk_1540434117883234974,False,False,0.0,train
blk_-5101159660350928278,False,False,0.0,train
blk_416581575558067936,False,False,0.0,train
blk_-6865266276462685891,False,False,0.0,train
blk_-6005183769005803760,False,False,0.0,train
blk_-6241220582305795548,True,False,0.0,train
blk_6637431377796232760,False,False,0.0,train
blk_-5320291605372638355,False,False,0.0,train
blk_-7742452403968855348,False,False,0.0,train
blk_3680536480410303457,False,False,0.0,train
blk_-4154983387144245959,False,False,0.0,train
blk_-5550589359153714973,False,False,0.0,train
blk_435563557570496061,False,False,0.0,train
blk_4502559832292031529,False,False,0.0,train
blk_-2213320791823708243,False,False,0.0,train
blk_-4739682783140775119,False,False,0.0,train
blk_8412479173024442287,False,False,0.0,train
blk_7646821725583717671,False,False,0.0,train
blk_-8373451839576259312,False,False,0.0,train
blk_6587202964666960885,False,False,0.0,train
blk_3229790939724513501,False,False,0.0,train
blk_-3391407877943673424,False,False,0.0,train
blk_6546587795487380505,False,False,0.0,train
blk_-3857000895945169290,False,False,0.0,train
blk_1390956406910196414,False,False,0.0,train
blk_6771656606041944057,False,False,0.0,train
blk_801785394486806968,False,False,0.0,train
blk_7516184251318786624,False,False,0.0,train
blk_-6995305189938043798,False,False,0.0,train
blk_6749036550214050362,False,False,0.0,train
blk_438554079629684554,False,False,0.0,train
blk_-6342557315775856444,False,False,0.0,train
blk_-8375094519460831652,False,False,0.0,train
blk_8032319793865058657,True,False,0.0,train
blk_8776939050353575588,False,False,0.0,train
blk_4481784272145560255,False,False,0.0,train
blk_-4266978700563963157,False,False,0.0,train
blk_6420504805640415011,False,False,0.0,train
blk_-6405011184774688885,False,False,0.0,train
blk_-3027491275790695014,False,False,0.0,train
blk_-3165543383839644510,False,False,0.0,train
blk_-7437315845082600832,False,False,0.0,train
blk_-187450408457983598,False,False,0.0,train
blk_-5999935816289080318,False,False,0.0,train
blk_-7778332345239390623,False,False,0.0,train
blk_-3447317557630248579,False,False,0.0,train
blk_5132580756512841629,False,False,0.0,train
blk_8856175395332519609,False,False,0.0,train
blk_9058482164096199579,False,False,0.0,train
blk_-7621888668003874092,False,False,0.0,train
blk_-5488878959342268152,False,False,0.0,train
blk_-7602149464936034228,False,False,0.0,train
blk_8907818302345548788,False,False,0.0,train
blk_7021404409081601693,False,False,0.0,train
blk_7645871824581965585,False,False,0.0,train
blk_5761183754006128452,False,False,0.0,train
blk_3448214353168193337,False,False,0.0,train
blk_8298860696512198628,False,False,0.0,train
blk_1367461356106595116,False,False,0.0,train
blk_7327735725071997944,False,False,0.0,train
blk_-5357474945227393154,False,False,0.0,train
blk_-7216460480090782320,False,False,0.0,train
blk_3126713259812234884,False,False,0.0,train
blk_-1494314298096537973,False,False,0.0,train
blk_-5089833462118231661,False,False,0.0,train
blk_5060694786427185589,False,False,0.0,train
blk_6497123060009861497,True,True,2.3527,train
blk_-2498550565162355724,False,False,0.0,train
blk_1311990703257425369,False,False,0.0,train
blk_-7048421952673389857,False,False,0.0,train
blk_-1905213360784545218,False,False,0.0,train
blk_8562367880489680807,False,False,0.0,train
blk_-3518215147151466486,False,False,0.0,train
blk_-423516513825826217,False,False,0.0,train
blk_1811332943268518608,False,False,0.0,train
blk_8429644512465136711,False,False,0.0,train
blk_3611318385473955317,False,False,0.0,train
blk_-5512980855282554179,False,False,0.0,train
blk_-4132457977295254592,False,False,0.0,train
blk_-129668898987334913,False,False,0.0,train
blk_-1867975826281994751,False,False,0.0,train
blk_-6768921716862227239,False,False,0.0,train
blk_-5616102715344006485,False,False,0.0,train
blk_-444383372186501686,False,False,0.0,train
blk_-8302306060563127564,False,False,0.0,train
blk_5788851919259217533,False,False,0.0,train
blk_-4614190941607600188,False,False,0.0,train
blk_-7927621665068524272,False,False,0.0,train
blk_5198046616929340600,False,False,0.0,train
blk_7753350855176321375,False,False,0.0,train
blk_4373763839434161925,False,False,0.0,train
blk_9071915779138576986,False,False,0.0,train
blk_1370983923832115648,False,False,0.0,train
blk_1227887292743246627,False,False,0.0,train
blk_2000670370101204289,False,False,0.0,train
blk_-1605030874048816584,False,False,0.0,train
blk_-4507697546365850162,False,False,0.0,train
blk_8634740884129172520,False,False,0.0,train
blk_6364508249399876898,False,False,0.0,train
blk_3313884031794602791,False,False,0.0,train
blk_-7656774747649834853,False,False,0.0,train
blk_3322502535772911888,False,False,0.0,train
blk_-5310726469277804405,False,False,0.0,train
blk_1497428244691842204,False,False,0.0,train
blk_-7891331746840340649,False,False,0.0,train
blk_-3049909536190038916,False,False,0.0,train
blk_-5812581161212601982,False,False,0.0,train
blk_-6017128724233416423,False,False,0.0,train
blk_-8198457359030415422,False,False,0.0,train
blk_-4691539403353670094,False,False,0.0,train
blk_9082271086740846771,False,False,0.0,train
blk_2519558613053677007,False,False,0.0,train
blk_-2061719666801236039,False,False,0.0,train
blk_-5148624151216556405,False,False,0.0,train
blk_2246877927040876771,False,False,0.0,train
blk_-7788641552899061106,False,False,0.0,train
blk_7275934489003506636,False,False,0.0,train
blk_5109050580456786239,False,False,0.0,train
blk_-6548349095963476507,False,False,0.0,train
blk_7536838132080505462,False,False,0.0,train
blk_-8545000912759095202,False,False,0.0,train
blk_8868652335115407465,False,False,0.0,train
blk_-5797122933903780628,False,False,0.0,train
blk_4148266975992081292,False,False,0.0,train
blk_-2470739722069114086,False,False,0.0,train
blk_-4991929972711674921,False,False,0.0,train
blk_-5791470053008765402,False,False,0.0,train
blk_3167974888615449726,False,False,0.0,train
blk_-399760593362696028,False,False,0.0,train
blk_8021272844070815364,False,False,0.0,train
blk_2636638632690607386,False,False,0.0,train
blk_3587521696182902718,False,False,0.0,train
blk_-8967128144662971115,False,False,0.0,train
blk_-6115633556214996150,False,False,0.0,train
blk_-4618041612210090264,False,False,0.0,train
blk_-3257627026302734046,False,False,0.0,train
blk_-9058049221965499520,False,False,0.0,train
blk_808913473644342835,False,False,0.0,train
blk_693484463531832138,False,False,0.0,train
blk_2343901878387524087,False,False,0.0,train
blk_8297288039602730179,False,False,0.0,train
blk_-8059664929887504723,False,False,0.0,train
blk_4724350720839148519,False,False,0.0,train
blk_4330877409228018258,False,False,0.0,train
blk_7758612056753157397,False,False,0.0,train
blk_-1053682214263246100,False,False,0.0,train
blk_865658511739857578,False,False,0.0,train
blk_4046825527909306228,False,False,0.0,train
blk_5201526120824663893,False,False,0.0,train
blk_-3131554222431324498,False,False,0.0,train
blk_4583637358927318213,False,False,0.0,train
blk_3907528793800550301,False,False,0.0,train
blk_6182135678281034149,False,False,0.0,train
blk_8618395883140321457,False,False,0.0,train
blk_-3752787267588502893,False,False,0.0,train
blk_-4865812233155064952,False,False,0.0,train
blk_-2107008999028683333,False,False,0.0,train
blk_3108294050825894794,False,False,0.0,train
blk_3775668453749942381,False,False,0.0,train
blk_633194454364258996,False,False,0.0,train
blk_-6368080607687883191,True,True,2.3527,train
blk_-3131223429793769869,False,False,0.0,train
blk_-1390026401946153889,False,False,0.0,train
blk_7382472187772084552,False,False,0.0,train
blk_-8599731671847920909,True,True,1.5471,train
blk_348263420554327587,False,False,0.0,train
blk_8878638704934957283,False,False,0.0,train
blk_-2013834151419076306,False,False,0.0,train
blk_4984476842292245324,False,False,0.0,train
blk_-4918962046009151873,False,False,0.0,train
blk_3546604582459271027,False,False,0.0,train
blk_-9140251227225109476,False,False,0.0,train
blk_3672459453737288146,False,False,0.0,train
blk_7721312491229249847,False,False,0.0,train
blk_-636243022495250041,False,False,0.0,train
blk_6490219411748780306,False,False,0.0,train
blk_-2119673679882517230,False,False,0.0,train
blk_7464830229756024855,False,False,0.0,train
blk_-138568093979237880,False,False,0.0,train
blk_2149674071830272243,False,False,0.0,train
blk_-4427370210377945173,False,False,0.0,train
blk_4939097720870304718,False,False,0.0,train
blk_7070829744059275345,False,False,0.0,train
blk_6173348350049731792,False,False,0.0,train
blk_2604898627183055410,False,False,0.0,train
blk_1933850181329172596,False,False,0.0,train
blk_1567529970137581191,False,False,0.0,train
blk_-5664401040276498881,False,False,0.0,train
blk_2299776484607852464,False,False,0.0,train
blk_-5770672909542783951,False,False,0.0,train
blk_-1011482868748761910,False,False,0.0,train
blk_-3483138214138884423,False,False,0.0,train
blk_-5973589004014386843,False,False,0.0,train
blk_3274739922050825994,False,False,0.0,train
blk_-7307111246377601868,False,False,0.0,train
blk_570118608083475096,False,False,0.0,train
blk_737976660501688022,False,False,0.0,train
blk_7729714400576658511,False,False,0.0,train
blk_5572836997478205537,False,False,0.0,train
blk_-656609121367402747,False,False,0.0,train
blk_-7617704358780742781,False,False,0.0,train
blk_3618413330650103614,False,False,0.0,train
blk_2917538488359820618,False,False,0.0,train
blk_2857355074945833557,False,False,0.0,train
blk_4661888047313237695,False,False,0.0,train
blk_6577328128188282785,False,False,0.0,train
blk_3986124731996673977,False,False,0.0,train
blk_-6085148136127812550,False,False,0.0,train
blk_3831763261107936331,False,False,0.0,train
blk_-5159481822711582642,False,False,0.0,train
blk_-8010306942283017456,False,False,0.0,train
blk_-3306459281205129295,False,False,0.0,train
blk_-2417257097666596701,False,False,0.0,train
blk_3363721847495214082,False,False,0.0,train
blk_-1865233999264686590,False,False,0.0,train
blk_987981787583195357,False,False,0.0,train
blk_-7492251399114045042,False,False,0.0,train
blk_7661137288132925516,False,False,0.0,train
blk_-7292235370348462198,False,False,0.0,train
blk_-3234677263924537437,False,False,0.0,train
blk_867455328661020007,False,False,0.0,train
blk_-748792585250868818,False,False,0.0,train
blk_-2912171865702813212,False,False,0.0,train
blk_-2625049318610003441,False,False,0.0,train
blk_6629706662816192850,False,False,0.0,train
blk_-5591379205527473704,False,False,0.0,train
blk_2917739067652441235,False,False,0.0,train
blk_-7022198213525516826,False,False,0.0,train
blk_6866590812144273060,False,False,0.0,train
blk_-1972971834853075466,False,False,0.0,train
blk_-420187688140030306,False,False,0.0,train
blk_791998792549349314,False,False,0.0,train
blk_-136590243986022988,False,False,0.0,train
blk_-7441996135537533702,False,False,0.0,train
blk_-3279335084594801452,False,False,0.0,train
blk_481803732862126335,False,False,0.0,train
blk_-7085411708390888494,False,False,0.0,train
blk_4117891124424591122,False,False,0.0,train
blk_-2117092051469612065,False,False,0.0,train
blk_3017393546759543767,False,False,0.0,train
blk_1987879564833035010,False,False,0.0,train
blk_5711098907797541832,False,False,0.0,train
blk_1962591391414821700,False,False,0.0,train
blk_-240876733651578086,False,False,0.0,train
blk_7488564532442176988,False,False,0.0,train
blk_5873066450236960816,False,False,0.0,train
blk_-5298282151992309368,False,False,0.0,train
blk_7242677848503532251,False,False,0.0,train
blk_7221977567169081938,False,False,0.0,train
blk_4799486729529093951,False,False,0.0,train
blk_-4488922018807123630,False,False,0.0,train
blk_-7607919887804713954,False,False,0.0,train
blk_-8811556620516697980,False,False,0.0,train
blk_-8904365899327156007,False,False,0.0,train
blk_-2818971651684483191,False,False,0.0,train
blk_8902874290653812711,True,False,0.0,train
blk_-1760896971959246950,False,False,0.0,train
blk_5530334673399198098,False,False,0.0,train
blk_3725649820151195445,False,False,0.0,train
blk_558438535990661673,False,False,0.0,train
blk_-2381013440026895384,False,False,0.0,train
blk_8612762623378306642,False,False,0.0,train
blk_-7890873223543700805,False,False,0.0,train
blk_8668271147918681120,False,False,0.0,train
blk_-355385236871297024,False,False,0.0,train
blk_1525958747445023595,False,False,0.0,train
blk_276652258145515499,False,False,0.0,train
blk_-1916092370112705752,False,False,0.0,train
blk_-7993613833083642833,False,False,0.0,train
blk_4971154345890344,True,True,1.5471,train
blk_9059213897892511730,True,True,2.3527,train
blk_5380593491740074714,False,False,0.0,train
blk_-3531498502266484292,False,False,0.0,train
blk_2017981920628081962,False,False,0.0,train
blk_-4659501174508353543,False,False,0.0,train
blk_7672096490051728993,False,False,0.0,train
blk_-9149324648417915070,False,False,0.0,train
blk_8416980238974758180,False,False,0.0,train
blk_9019875043310913260,False,False,0.0,train
blk_-3942072305748698431,False,False,0.0,train
blk_2996146936433929835,False,False,0.0,train
blk_-9045432037688752572,False,False,0.0,train
blk_4440980561981296179,False,False,0.0,train
blk_-1542053950866945143,False,False,0.0,train
blk_-6209239855782903616,False,False,0.0,train
blk_4355344108810240671,False,False,0.0,train
blk_-2990853911961145137,False,False,0.0,train
blk_6711969531331896370,False,False,0.0,train
blk_3884173388911198251,False,False,0.0,train
blk_6372730006031999886,False,False,0.0,train
blk_-6290601735914580201,False,False,0.0,train
blk_3125560976454213739,False,False,0.0,train
blk_-5004542109092632670,False,False,0.0,train
blk_-8377181112202103079,False,False,0.0,train
blk_-237220831033035733,False,False,0.0,train
blk_-7686716528649535861,False,False,0.0,train
blk_90386892032212647,False,False,0.0,train
blk_-2537367147873558597,False,False,0.0,train
blk_6750143892100278278,False,False,0.0,train
blk_-6539770906472345423,False,False,0.0,train
blk_-4883772059954310764,False,False,0.0,train
blk_-1234494352354507097,False,False,0.0,train
blk_-8048785335649217506,False,False,0.0,train
blk_-8155686370688569983,False,False,0.0,train
blk_-37172259869184981,False,False,0.0,train
blk_-6628821545437240185,False,False,0.0,train
blk_4792636525877751535,False,False,0.0,train
blk_6669721592506763324,False,False,0.0,train
blk_2828148487212807569,False,False,0.0,train
blk_-5375303951496985099,False,False,0.0,train
blk_-8954565592003043264,False,False,0.0,train
blk_670224172117524145,False,False,0.0,train
blk_-3735361471862590389,False,False,0.0,train
blk_-2026120076236821580,False,False,0.0,train
blk_-26942303037708095,False,False,0.0,train
blk_-4328828552214481643,False,False,0.0,train
blk_-5036039134549453644,False,False,0.0,train
blk_943170717910603776,False,False,0.0,train
blk_-8311086339924576362,False,False,0.0,train
blk_-846462930029191720,False,False,0.0,train
blk_4693746899046199282,False,False,0.0,train
blk_-1061099087504013290,False,False,0.0,train
blk_6295980753226225838,False,False,0.0,train
blk_-8149555556891211892,False,False,0.0,train
blk_-8843240989946357115,False,False,0.0,train
blk_-5964337443301864415,False,False,0.0,train
blk_7861382844251853275,False,False,0.0,train
blk_9211607823870317301,True,False,0.0,train
blk_4756682433368907871,False,False,0.0,train
blk_-4124620352856915513,False,False,0.0,train
blk_-6214328317029035726,False,False,0.0,train
blk_-7675470340253280479,False,False,0.0,train
blk_-5390285221455426073,False,False,0.0,train
blk_-9071758809018946949,False,False,0.0,train
blk_8718546775520168882,False,False,0.0,train
blk_-8751430031300869919,False,False,0.0,train
blk_-7969814085711146924,False,False,0.0,train
blk_6662261466896665966,False,False,0.0,train
blk_-43149512191604133,False,False,0.0,train
blk_-2566031213048181991,False,False,0.0,train
blk_-2189481010011329561,False,False,0.0,train
blk_-1977756191994507608,False,False,0.0,train
blk_2889914859698516282,False,False,0.0,train
blk_3394569973658158026,False,False,0.0,train
blk_-1275191319252353337,False,False,0.0,train
blk_-4190276705656985992,False,False,0.0,train
blk_8844545390473176025,False,False,0.0,train
blk_-3010526786213026725,False,False,0.0,train
blk_8184401086745491057,False,False,0.0,train
blk_-6634249095693874370,False,False,0.0,train
blk_-7037752896559454678,False,False,0.0,train
blk_833180601621708184,False,False,0.0,train
blk_-7899488197727730159,False,False,0.0,train
blk_7418860504929459690,False,False,0.0,train
blk_-713872392891501075,False,False,0.0,train
blk_7379224586150735229,False,False,0.0,train
blk_-1703347510000429715,False,False,0.0,train
blk_-2166205027520153013,False,False,0.0,train
blk_646416230379856695,False,False,0.0,train
blk_-224752647040741018,False,False,0.0,train
blk_-6623130589025350484,False,False,0.0,train
blk_-4753329079638704120,False,False,0.0,train
blk_-6331658482807083541,False,False,0.0,train
blk_1324709291391680362,True,True,1.5471,train
blk_7899689477365806085,False,False,0.0,train
blk_-7607017734269346232,False,False,0.0,train
blk_2639512661454336192,False,False,0.0,train
blk_-785024729265886672,False,False,0.0,train
blk_4345072982726286451,False,False,0.0,train
blk_-8544864090486454378,False,False,0.0,train
blk_5972760974375530027,True,True,2.3527,train
blk_-7818643211542970972,False,False,0.0,train
blk_-7497624700548941327,False,False,0.0,train
blk_-8379691985708071045,False,False,0.0,train
blk_-5094368129700870149,False,False,0.0,train
blk_-3363324793799249301,False,False,0.0,train
blk_701002159220026110,True,True,2.3527,train
blk_-8849879282206356077,False,False,0.0,train
blk_7952030914986014854,False,False,0.0,train
blk_-4238505764488651491,False,False,0.0,train
blk_-507499221333778237,False,False,0.0,train
blk_1148946163100376438,False,False,0.0,train
blk_1683731415378777004,False,False,0.0,train
blk_-4418374613784819935,False,False,0.0,train
blk_5679705745083109023,False,False,0.0,train
blk_3227908264057433494,False,False,0.0,train
blk_-7721457024706282769,False,False,0.0,train
blk_7902902592706176722,False,False,0.0,train
blk_6202843087144609954,False,False,0.0,train
blk_3349089524490727407,False,False,0.0,train
blk_8908765903049803553,False,False,0.0,train
blk_-5173240975097893705,False,False,0.0,train
blk_4623859834655611613,False,False,0.0,train
blk_1352879897042787952,False,False,0.0,train
blk_-2451399929732090268,False,False,0.0,train
blk_-4951579446542809293,False,False,0.0,train
blk_-372231015281510601,False,False,0.0,train
blk_7412845837586743781,False,False,0.0,train
blk_-4275852495633603866,False,False,0.0,train
blk_8937319101254017783,False,False,0.0,train
blk_2872025985392019752,False,False,0.0,train
blk_-4655233009608958354,False,False,0.0,train
blk_-4392776129685023946,False,False,0.0,train
blk_-9042902933862712853,False,False,0.0,train
blk_8411658121731883448,False,False,0.0,train
blk_-4563277571745578543,False,False,0.0,train
blk_1540255026020380453,False,False,0.0,train
blk_-4561305692078476669,False,False,0.0,train
blk_-3588407864313856770,False,False,0.0,train
blk_3230321292038601016,False,False,0.0,train
blk_-9015805505710858153,False,False,0.0,train
blk_8581137774591096244,False,False,0.0,train
blk_5115094457764609037,False,False,0.0,train
blk_-7153347982003285426,False,False,0.0,train
blk_-8668349233891113031,False,False,0.0,train
blk_5684371660221250067,False,False,0.0,train
blk_-7656136430774779019,False,False,0.0,train
blk_1589458432014676867,False,False,0.0,train
blk_-3021905229490822954,False,False,0.0,train
blk_7674537927293375251,False,False,0.0,train
blk_6240989228397110331,False,False,0.0,train
blk_-9127112798490391833,False,False,0.0,train
blk_-7868412154309897414,False,False,0.0,train
blk_4053736364975242286,False,False,0.0,train
blk_-6399957348658775375,False,False,0.0,train
blk_6476922859843507688,False,False,0.0,train
blk_-1556904630013126844,False,False,0.0,train
blk_-3936073435745857873,False,False,0.0,train
blk_-2910067197740872545,False,False,0.0,train
blk_-3620213946227233825,False,False,0.0,train
blk_-2677613263595821105,False,False,0.0,train
blk_-9136899640657293877,True,True,1.5471,train
blk_1449413625019755975,False,False,0.0,train
blk_1562394985153044726,False,False,0.0,train
blk_-80207777560170270,False,False,0.0,train
blk_7371990802134007183,False,False,0.0,train
blk_-4139933956660624681,False,False,0.0,train
blk_8351310481072405435,False,False,0.0,train
blk_-4355753205372769937,False,False,0.0,train
blk_-6829067152831195780,False,False,0.0,train
blk_-7782748091573440855,False,False,0.0,train
blk_-7059045383123437259,False,False,0.0,train
blk_1440112563202386514,False,False,0.0,train
blk_4220080065683639953,False,False,0.0,train
blk_-7486589805211840101,False,False,0.0,train
blk_-8933687403704794854,False,False,0.0,train
blk_7459515910627924526,False,False,0.0,train
blk_6016064933361993427,False,False,0.0,train
blk_-5378687437232453525,False,False,0.0,train
blk_-1716295386405014363,True,True,1.5471,train
blk_-3046976422220445257,False,False,0.0,train
blk_8143648867971691336,False,False,0.0,train
blk_6294572396909830202,False,False,0.0,train
blk_1073826905170310244,False,False,0.0,train
blk_6513249857518959145,False,False,0.0,train
blk_7593769786685468136,False,False,0.0,train
blk_8213962517275931949,False,False,0.0,train
blk_6996194389878584395,True,False,0.0,train
blk_4399265088630393202,False,False,0.0,train
blk_-335247823972050832,False,False,0.0,train
blk_7690880448956004912,False,False,0.0,train
blk_-222029290677631349,False,False,0.0,train
blk_8713010324685126312,False,False,0.0,train
blk_-3103757479944724242,False,False,0.0,train
blk_-613310639544524402,False,False,0.0,train
blk_4669361410213770727,False,False,0.0,train
blk_-8277028470939228092,False,False,0.0,train
blk_1426587436495779349,False,False,0.0,train
blk_-2244869696190821911,False,False,0.0,train
blk_-784652232591926294,False,False,0.0,train
blk_-6192251633256770063,False,False,0.0,train
blk_-3512474816197212754,False,False,0.0,train
blk_4142805465993811869,False,False,0.0,train
blk_-4127981976039029641,False,False,0.0,train
blk_-5900277364256628173,False,False,0.0,train
blk_-7067657815457266165,False,False,0.0,train
blk_5644969624268184262,False,False,0.0,train
blk_-4837077283937543234,False,False,0.0,train
blk_-374174477480115243,False,False,0.0,train
blk_1460751377154685220,False,False,0.0,train
blk_-8758056911059469575,False,False,0.0,train
blk_4705315214482906794,False,False,0.0,train
blk_-6969099816034951706,False,False,0.0,train
blk_6297759952070068002,False,False,0.0,train
blk_-4304814089432429626,False,False,0.0,train
blk_-6537466496668089147,True,True,2.3527,train
blk_6411104710787513147,False,False,0.0,train
blk_7479126901586001322,False,False,0.0,train
blk_-944018919884549370,False,False,0.0,train
blk_1639707122986550717,False,False,0.0,train
blk_248958152944908748,False,False,0.0,train
blk_-5487256688407220259,False,False,0.0,train
blk_-7432591640455552885,False,False,0.0,train
blk_-7352135337396764899,False,False,0.0,train
blk_-3068938607837722121,True,True,1.5471,train
blk_6726807276859876853,False,False,0.0,train
blk_5192032012976533948,False,False,0.0,train
blk_9097589278338830437,True,False,0.0,train
blk_-3124349511477631639,False,False,0.0,train
blk_8890879494500818827,False,False,0.0,train
blk_-230287356461348433,False,False,0.0,train
blk_-8130910895347126837,False,False,0.0,train
blk_4017045215773615436,False,False,0.0,train
blk_8877926249623760255,False,False,0.0,train
blk_-3597884162725169197,False,False,0.0,train
blk_-5906536695141636021,False,False,0.0,train
blk_-7343345909808079511,False,False,0.0,train
blk_-7507751857188373423,False,False,0.0,train
blk_8481640719132794798,True,False,0.0,train
blk_-8931300634719053780,False,False,0.0,train
blk_4522414990332112857,False,False,0.0,train
blk_108388222867337380,False,False,0.0,train
blk_943877193253572222,False,False,0.0,train
blk_8531795826816713255,False,False,0.0,train
blk_-8128342598173389199,False,False,0.0,train
blk_-1645184383895626027,False,False,0.0,train
blk_2534297511499745408,False,False,0.0,train
blk_-7962432338031279850,False,False,0.0,train
blk_-4264857707432017102,False,False,0.0,train
blk_4053486809192573438,False,False,0.0,train
blk_-763367518040273463,False,False,0.0,train
blk_4071817587713412286,False,False,0.0,train
blk_-169336211251392088,False,False,0.0,train
blk_-8144749538854728020,False,False,0.0,train
blk_-763340821576419513,False,False,0.0,train
blk_5586758753117836290,False,False,0.0,train
blk_-4837790289558149883,False,False,0.0,train
blk_-2173037796466530436,False,False,0.0,train
blk_2659518696575249032,False,False,0.0,train
blk_4554154447628583767,False,False,0.0,train
blk_4380651012826785390,False,False,0.0,train
blk_-6088897233047541670,False,False,0.0,train
blk_-4600828691964089433,False,False,0.0,train
blk_540957600340422240,False,False,0.0,train
blk_2604357086536514618,False,False,0.0,train
blk_5715340916077198372,False,False,0.0,train
blk_1781450259419721043,False,False,0.0,train
blk_588762048063777382,False,False,0.0,train
blk_3145780635002338974,False,False,0.0,train
blk_-3993205650421353822,False,False,0.0,train
blk_-3201199193632729041,False,False,0.0,train
blk_-6004719982658727637,False,False,0.0,train
blk_-4245884509761907623,False,False,0.0,train
blk_6770341057479027756,False,False,0.0,train
blk_-3947789909180110810,False,False,0.0,train
blk_4235410580521227742,False,False,0.0,train
blk_-5395347606680317869,False,False,0.0,train
blk_8561387533798616307,False,False,0.0,train
blk_-7652968162044598536,False,False,0.0,train
blk_-8631932806821714478,False,False,0.0,train
blk_-554408357563738479,False,False,0.0,train
blk_-7830814411989394603,False,False,0.0,train
blk_7202094736919640155,False,False,0.0,train
blk_-8862018685830620375,False,False,0.0,train
blk_89043117152223832,False,False,0.0,train
blk_-1139133120118457096,False,False,0.0,train
blk_7493093075809134379,False,False,0.0,train
blk_3534776064824675708,False,False,0.0,train
blk_-9005057044375448364,False,False,0.0,train
blk_-5840304652811462326,False,False,0.0,train
blk_-4331879315728370190,False,False,0.0,train
blk_-3155012969444084098,False,False,0.0,train
blk_-5298764924147099203,False,False,0.0,train
blk_-715403788829056759,False,False,0.0,train
blk_-1307062314996248132,False,False,0.0,train
blk_2765909506808566429,False,False,0.0,train
blk_-8349231762021923609,False,False,0.0,train
blk_-1681642163444236569,False,False,0.0,train
blk_4799300610656681097,False,False,0.0,train
blk_9005594748879624622,False,False,0.0,train
blk_8116877416835639420,False,False,0.0,train
blk_-2216390372311754721,False,False,0.0,train
blk_7819129300327159896,True,True,1.5471,train
blk_-4778083965554504024,False,False,0.0,train
blk_3045899011627447201,False,False,0.0,train
blk_-2508904373270313356,False,False,0.0,train
blk_5564689297816778868,False,False,0.0,train
blk_5397221366973383652,False,False,0.0,train
blk_-74754443169577828,False,False,0.0,train
blk_-1746784178935800465,False,False,0.0,train
blk_8955019103629391894,True,True,1.5471,train
blk_1611860131107745974,False,False,0.0,train
blk_4053212242064207334,False,False,0.0,train
blk_-5191483529943376006,False,False,0.0,train
blk_-2701274357009661687,False,False,0.0,train
blk_5613593155747135908,False,False,0.0,train
blk_-3884790930885218083,False,False,0.0,train
blk_2992152303041103889,False,False,0.0,train
blk_-3486742795448612987,False,False,0.0,train
blk_-7155871514191349293,False,False,0.0,train
blk_7548483502617404629,False,False,0.0,train
blk_-7900804591003410408,False,False,0.0,train
blk_4286887258695531717,False,False,0.0,train
blk_-2245335370460878370,False,False,0.0,train
blk_-7395604080089833063,False,False,0.0,train
blk_3143321281817584504,False,False,0.0,train
blk_889297096084989504,False,False,0.0,train
blk_1274033016737732607,False,False,0.0,train
blk_-8497592682221017946,True,True,2.3527,train
blk_1724438108703349443,False,False,0.0,train
blk_-1070954679866613194,False,False,0.0,train
blk_-6744501669016713784,True,True,2.3527,train
blk_-5055118213812036797,False,False,0.0,train
blk_-6305743837605025152,False,False,0.0,train
blk_1615927805071958791,False,False,0.0,train
blk_6185080588442558564,False,False,0.0,train
blk_4556171374767348067,False,False,0.0,train
blk_3918246739661226017,False,False,0.0,train
blk_-6192092348247747864,False,False,0.0,train
blk_5462701400581778732,False,False,0.0,train
blk_-1684817047960657757,False,False,0.0,train
blk_-259900853593844627,False,False,0.0,train
blk_4702309694410023062,False,False,0.0,train
blk_5613090167071551395,False,False,0.0,train
blk_8009320766684557243,False,False,0.0,train
blk_-1788791724654485685,False,False,0.0,train
blk_-2722540103238225056,False,False,0.0,train
blk_-8060193638280842709,False,False,0.0,train
blk_2156857552808328987,False,False,0.0,train
blk_5748056829675477967,False,False,0.0,train
blk_3939134033317985279,False,False,0.0,train
blk_-4307485565198538072,False,False,0.0,train
blk_7673521155682042236,False,False,0.0,train
blk_6638690719254841214,False,False,0.0,train
blk_6240135272768872627,False,False,0.0,train
blk_8156630571199498984,False,False,0.0,train
blk_-3193714964063513309,False,False,0.0,train
blk_2342220141680518439,False,False,0.0,train
blk_5537344225702883577,False,False,0.0,train
blk_-8128417293377304403,False,False,0.0,train
blk_4169736694110692721,False,False,0.0,train
blk_3938690374896060047,False,False,0.0,train
blk_4841971360508741403,False,False,0.0,train
blk_6848194859488597288,False,False,0.0,train
blk_-8281908267074444310,False,False,0.0,train
blk_-8638778811010247024,False,False,0.0,train
blk_2673637866319927538,False,False,0.0,train
blk_3435294529840735832,False,False,0.0,train
blk_2199887835059076970,False,False,0.0,train
blk_5649485739215891691,False,False,0.0,train
blk_-6517552818221073572,False,False,0.0,train
blk_5735004276172769844,False,False,0.0,train
blk_5444950174402880222,False,False,0.0,train
blk_4833200478948385444,False,False,0.0,train
blk_7008317278935073425,False,False,0.0,train
blk_1092792075716742018,False,False,0.0,train
blk_-4669365591142855011,False,False,0.0,train
blk_-7111252981052520008,False,False,0.0,train
blk_-5139864207570288963,False,False,0.0,train
blk_-622753372607277871,False,False,0.0,train
blk_8000452484475230350,False,False,0.0,train
blk_-7913377407172452154,False,False,0.0,train
blk_-5812174582120395309,False,False,0.0,train
blk_28535570586428730,False,False,0.0,train
blk_1529311924183425240,False,False,0.0,train
blk_-7613956579335686377,False,False,0.0,train
blk_7436504663199074379,False,False,0.0,train
blk_-9108242953885211417,False,False,0.0,train
blk_1971311969787840039,False,False,0.0,train
blk_-1410839398898145137,False,False,0.0,train
blk_-2990230332169802350,False,False,0.0,train
blk_-5516578854207881526,False,False,0.0,train
blk_748527961806084329,False,False,0.0,train
blk_-67897746448958425,True,True,1.5471,train
blk_6438257094005592492,False,False,0.0,train
blk_-2285358728558255484,False,False,0.0,train
blk_5603783715346298163,False,False,0.0,train
blk_-5745768421882383574,False,False,0.0,train
blk_-69503238066861852,False,False,0.0,train
blk_-4120928633340005812,False,False,0.0,train
blk_6650314982099501947,False,False,0.0,train
blk_2075715358611234520,False,False,0.0,train
blk_7322955563098469672,False,False,0.0,train
blk_1299836731344159491,False,False,0.0,train
blk_-3277928405045139942,False,False,0.0,train
blk_-8293983907909156904,False,False,0.0,train
blk_-4988806150874083606,False,False,0.0,train
blk_-8242916321495438441,False,False,0.0,train
blk_-6514681632077448506,False,False,0.0,train
blk_-7300835887062415762,False,False,0.0,train
blk_5672004277679218254,False,False,0.0,train
blk_2174144021266408705,False,False,0.0,train
blk_7082151245718002140,False,False,0.0,train
blk_3582726127471843676,False,False,0.0,train
blk_1819115441742884087,False,False,0.0,train
blk_-3727175694322392368,False,False,0.0,train
blk_3506985819488215456,False,False,0.0,train
blk_942782950815104487,False,False,0.0,train
blk_-3613883287416550378,False,False,0.0,train
blk_-1987525251527804097,False,False,0.0,train
blk_-2720637654072551626,True,True,2.3527,train
blk_-1886418534960699668,False,False,0.0,train
blk_-8841093050329591989,False,False,0.0,train
blk_-2341861795814500369,False,False,0.0,train
blk_-1868969563657782257,False,False,0.0,train
blk_-3159339511393794284,False,False,0.0,train
blk_1278260098163377340,False,False,0.0,train
blk_-714579185617585133,False,False,0.0,train
blk_-3940003847076521430,False,False,0.0,train
blk_-7280048952713129895,False,False,0.0,train
blk_4863651184534977260,False,False,0.0,train
blk_1026709472162480061,False,False,0.0,train
blk_6734787562860349081,False,False,0.0,train
blk_4563315343686099302,False,False,0.0,train
blk_3442630858499516318,False,False,0.0,train
blk_7400042867088799106,False,False,0.0,train
blk_-430185820896706768,False,False,0.0,train
blk_-6962417809783610869,False,False,0.0,train
blk_-9085366085282495043,False,False,0.0,train
blk_2597537355065248179,False,False,0.0,train
blk_-8051434581784315392,False,False,0.0,train
blk_-5487823435302954300,False,False,0.0,train
blk_38858452797690001,False,False,0.0,train
blk_3475029051806409890,False,False,0.0,train
blk_-199169256690054070,False,False,0.0,train
blk_4683621961716800358,False,False,0.0,train
blk_-6215051590034285968,True,True,2.3527,train
blk_-9045824466198571738,False,False,0.0,train
blk_8421285243040020387,False,False,0.0,train
blk_-8374141385202926584,False,False,0.0,train
blk_1416575559341761486,False,False,0.0,train
blk_-8919971674781754205,False,False,0.0,train
blk_-8577364683240573489,False,False,0.0,train
blk_-6980970548005135450,False,False,0.0,train
blk_-5993727911337046630,False,False,0.0,train
blk_5110659036916292485,False,False,0.0,train
blk_-4865181328034402833,False,False,0.0,train
blk_4035025877450930522,False,False,0.0,train
blk_206960080574461719,False,False,0.0,train
blk_7868198159577807914,False,False,0.0,train
blk_-5777323440206417557,False,False,0.0,train
blk_1853867290819708500,False,False,0.0,train
blk_-472674641494054347,False,False,0.0,train
blk_1344575558593443180,True,True,1.5471,train
blk_7736842835267228385,False,False,0.0,train
blk_-547930162582080362,False,False,0.0,train
blk_2884359235897506198,False,False,0.0,train
blk_-2513995447298466051,False,False,0.0,train
blk_-6305569172427448687,False,False,0.0,train
blk_2950902956284364217,False,False,0.0,train
blk_3312479829588352387,False,False,0.0,train
blk_362987927012556915,False,False,0.0,train
blk_-7091148896499539565,False,False,0.0,train
blk_-4458600638245535731,False,False,0.0,train
blk_6907524483892702149,False,False,0.0,train
blk_-6811931078489267475,False,False,0.0,train
blk_-8526721591004363754,False,False,0.0,train
blk_7575044730514799684,False,False,0.0,train
blk_-2195201456641508025,True,True,1.5471,train
blk_8561889983942848766,False,False,0.0,train
blk_6690882196283280422,False,False,0.0,train
blk_-7867287144561315969,False,False,0.0,train
blk_-8790688002692614734,False,False,0.0,train
blk_6453812640398027783,False,False,0.0,train
blk_-4475419273033674076,False,False,0.0,train
blk_8875426884107504658,False,False,0.0,train
blk_4784801970120626667,False,False,0.0,train
blk_1898127272120012404,False,False,0.0,train
blk_4720206083422093515,False,False,0.0,train
blk_2114757515447330828,False,False,0.0,train
blk_7005376053457374549,False,False,0.0,train
blk_8820868098089071466,False,False,0.0,train
blk_5212315083187690708,False,False,0.0,train
blk_8598711603204729775,False,False,0.0,train
blk_-7701660916781179132,False,False,0.0,train
blk_-6851500073529477436,False,False,0.0,train
blk_8863332299423765672,False,False,0.0,train
blk_-4393206553455676421,False,False,0.0,train
blk_735230018720340584,False,False,0.0,train
blk_-3339442083214320151,False,False,0.0,train
blk_-5126677003513870097,False,False,0.0,train
blk_-9068615624661165001,False,False,0.0,train
blk_-5398865867285538481,False,False,0.0,train
blk_8883855127181109250,False,False,0.0,train
blk_-8953831374175275849,False,False,0.0,train
blk_4575784335805628598,False,False,0.0,train
blk_4852227678728169541,False,False,0.0,train
blk_1958700466290736360,False,False,0.0,train
blk_-892778597700109663,False,False,0.0,train
blk_-4080668398987783451,False,False,0.0,train
blk_3468867675012130663,False,False,0.0,train
blk_3720004246619940820,False,False,0.0,train
blk_-1954051922809122540,False,False,0.0,train
blk_3045128510381293992,False,False,0.0,train
blk_-2577203220897864550,False,False,0.0,train
blk_3968888450229681966,False,False,0.0,train
blk_6869596581301612441,False,False,0.0,train
blk_1049980645632873078,False,False,0.0,train
blk_5733697727995621521,False,False,0.0,train
blk_-922774857171843614,False,False,0.0,train
blk_-3877114860321165275,False,False,0.0,train
blk_-5104307498462463319,False,False,0.0,train
blk_4457332016596102624,False,False,0.0,train
blk_-4208697111832556183,False,False,0.0,train
blk_-7756654665740031310,False,False,0.0,train
blk_-6120634070609301891,True,True,2.3527,train
blk_-911884192120662511,True,True,1.5471,train
blk_6214308317443107609,False,False,0.0,train
blk_1243636815645313137,False,False,0.0,train
blk_1730551844709841211,False,False,0.0,train
blk_432918229494965736,False,False,0.0,train
blk_8031520013621007047,False,False,0.0,train
blk_-6218671290503112150,False,False,0.0,train
blk_5096786841402148217,False,False,0.0,train
blk_-8648677812886044963,False,False,0.0,train
blk_5119717712674148000,False,False,0.0,train
blk_-8609793009794270463,False,False,0.0,train
blk_-7329382564907695840,False,False,0.0,train
blk_-3763250954728885078,False,False,0.0,train
blk_-4689863241696840376,False,False,0.0,train
blk_-3294023464311764820,False,False,0.0,train
blk_-3297583058832216233,False,False,0.0,train
blk_-5022934738016444657,False,False,0.0,train
blk_1501186957439786881,False,False,0.0,train
blk_-3409333096954166002,False,False,0.0,train
blk_6881232372021010564,False,False,0.0,train
blk_8651970783815872348,True,True,2.3527,train
blk_337612939776771733,False,False,0.0,train
blk_4974344659453232333,False,False,0.0,train
blk_1917269909753625436,False,False,0.0,train
blk_284931589723578185,False,False,0.0,train
blk_774317804381576520,False,False,0.0,train
blk_-535563017189130303,False,False,0.0,train
blk_-7120182637074412886,False,False,0.0,train
blk_-6464217413475670280,False,False,0.0,train
blk_-7047274469840527105,False,False,0.0,train
blk_3685486215543505577,False,False,0.0,train
blk_7179275966093935732,False,False,0.0,train
blk_-1753953838883947839,False,False,0.0,train
blk_4322384722483793854,False,False,0.0,train
blk_-791382995144058716,False,False,0.0,train
blk_4754714572357674314,False,False,0.0,train
blk_2800083394384206194,False,False,0.0,train
blk_-5448805372246288321,False,False,0.0,train
blk_4311838705410109180,False,False,0.0,train
blk_-3426596964882559304,False,False,0.0,train
blk_1612022128356971620,False,False,0.0,train
blk_-5397197503171007450,False,False,0.0,train
blk_7706269014155130951,False,False,0.0,train
blk_-647693140379175704,False,False,0.0,train
blk_-2545011703468450521,False,False,0.0,train
blk_6553770009820808101,False,False,0.0,train
blk_-857843537101074725,False,False,0.0,train
blk_2587833190181873674,False,False,0.0,train
blk_8716384155688814312,False,False,0.0,train
blk_-3301200144671765739,False,False,0.0,train
blk_5449677523647931096,False,False,0.0,train
blk_7836599949084137732,False,False,0.0,train
blk_-7753866805176677192,False,False,0.0,train
blk_8587674820620114040,False,False,0.0,train
blk_6941781789556414113,False,False,0.0,train
blk_6356530834162938708,False,False,0.0,train
blk_-2411112741360402213,False,False,0.0,train
blk_8994198928626593670,False,False,0.0,train
blk_6907684877329407267,False,False,0.0,train
blk_-7584144009490110982,False,False,0.0,train
blk_3708679726899046099,True,False,0.0,train
blk_-1951685536649037915,False,False,0.0,train
blk_81484413561340482,False,False,0.0,train
blk_25976358701158675,False,False,0.0,train
blk_3437074093591142187,False,False,0.0,train
blk_-8304130304679560681,False,False,0.0,train
blk_-3395494966792621651,False,False,0.0,train
blk_-628393114708906885,False,False,0.0,train
blk_-1325285353868707692,False,False,0.0,train
blk_-1580483416105945048,False,False,0.0,train
blk_-9179669726036525881,False,False,0.0,train
blk_3400714396238555709,False,False,0.0,train
blk_-5127861346145207325,False,False,0.0,train
blk_-6401842088507829089,False,False,0.0,train
blk_-5063880393548408160,False,False,0.0,train
blk_2981260966761681916,False,False,0.0,train
blk_-3688009783939489932,False,False,0.0,train
blk_3421714795444045164,False,False,0.0,train
blk_-6091929444695782420,False,False,0.0,train
blk_-8461830959047010307,False,False,0.0,train
blk_347941435827549352,False,False,0.0,train
blk_3419473068446392334,False,False,0.0,train
blk_-6225358884704552981,False,False,0.0,train
blk_-7890161096442669620,False,False,0.0,train
blk_4654521247847596029,False,False,0.0,train
blk_-9098716497394465670,False,False,0.0,train
blk_3162515071353181328,False,False,0.0,train
blk_5319467019475238301,False,False,0.0,train
blk_-1633134079874686446,False,False,0.0,train
blk_2276091687132434385,False,False,0.0,train
blk_286591920787698156,False,False,0.0,train
blk_3037289840442467886,False,False,0.0,train
blk_8720307910510826324,False,False,0.0,train
blk_-2341442820817868443,False,False,0.0,train
blk_-1591648914287542576,False,False,0.0,train
blk_6031543124473338364,False,False,0.0,train
blk_6456711506643537703,False,False,0.0,train
blk_-5497569976823728852,False,False,0.0,train
blk_444477623196096473,False,False,0.0,train
blk_-4225629858708481301,False,False,0.0,train
blk_-2975495930768570966,False,False,0.0,train
blk_3215408970423342082,False,False,0.0,train
blk_-109456568993863716,False,False,0.0,train
blk_-5018360761789197281,False,False,0.0,train
blk_7643989766752441032,False,False,0.0,train
blk_402188237016789420,False,False,0.0,train
blk_-8840533539329242262,True,True,1.5471,train
blk_-1258521630955195684,False,False,0.0,train
blk_-6503589329503972264,False,False,0.0,train
blk_-268948378664713479,False,False,0.0,train
blk_-3754531944538604814,False,False,0.0,train
blk_1500885769104395323,False,False,0.0,train
blk_-803636530188696683,False,False,0.0,train
blk_-3857897888138078980,False,False,0.0,train
blk_-1793440627902048967,False,False,0.0,train
blk_6966346268306189309,False,False,0.0,train
blk_-2295854961910844802,False,False,0.0,train
blk_-3995475431960580053,False,False,0.0,train
blk_2461740457978837022,False,False,0.0,train
blk_-967996491121599783,True,False,0.0,train
blk_8074554329320973368,False,False,0.0,train
blk_7976374953602198954,True,True,1.5471,train
blk_744256489514988550,False,False,0.0,train
blk_9097775552974785346,False,False,0.0,train
blk_-6355996703463363891,False,False,0.0,train
blk_5167504939897379757,False,False,0.0,train
blk_6048785466633428269,False,False,0.0,train
blk_3357586749651102496,False,False,0.0,train
blk_-3211830089302158083,False,False,0.0,train
blk_-1272279348869363570,False,False,0.0,train
blk_7766085183593570655,False,False,0.0,train
blk_3566774290336383794,False,False,0.0,train
blk_-6099204103352175184,False,False,0.0,train
blk_9074813019872588210,False,False,0.0,train
blk_-3684892189577789912,False,False,0.0,train
blk_5073858743108971792,True,True,2.3527,train
blk_-4595675370747457361,False,False,0.0,train
blk_3607383128245769915,False,False,0.0,train
blk_-1541612089083514964,True,True,2.3527,train
blk_-8041444781449837075,False,False,0.0,train
blk_-7939545807945425534,False,False,0.0,train
blk_74526572779202301,False,False,0.0,train
blk_6146077835358913516,False,False,0.0,train
blk_7022118002618393506,False,False,0.0,train
blk_51938264126697449,False,False,0.0,train
blk_8165490604725507886,True,False,0.0,train
blk_-5509402452539751445,False,False,0.0,train
blk_1014709015023820357,False,False,0.0,train
blk_4894939399782057131,False,False,0.0,train
blk_-8196635271920512875,False,False,0.0,train
blk_-1901691337946059144,False,False,0.0,train
blk_3735618399386872325,False,False,0.0,train
blk_3965167430091492016,False,False,0.0,train
blk_-5931052486959928515,False,False,0.0,train
blk_-4335647835265673001,False,False,0.0,train
blk_940634972741483288,False,False,0.0,train
blk_-7854206162767030463,True,True,2.3527,train
blk_-1317531069481353823,True,True,1.5471,train
blk_-701885232537280236,False,False,0.0,train
blk_-1954562868979169509,False,False,0.0,train
blk_8551077834604552613,False,False,0.0,train
blk_852377736895421769,False,False,0.0,train
blk_984344016805281800,False,False,0.0,train
blk_-2712841911883766654,False,False,0.0,train
blk_4680571457325374318,False,False,0.0,train
blk_-850155005229956998,False,False,0.0,train
blk_-3851103428183249,False,False,0.0,train
blk_-5596543004452674793,False,False,0.0,train
blk_-3274811433101601242,False,False,0.0,train
blk_-554962465077491367,False,False,0.0,train
blk_-5055412641273012815,False,False,0.0,train
blk_-8034831730874008276,False,False,0.0,train
blk_4972429293214762254,False,False,0.0,train
blk_5991542470014389387,False,False,0.0,train
blk_6636226480968526462,False,False,0.0,train
blk_-1367791385050552597,False,False,0.0,train
blk_-685512983306133004,False,False,0.0,train
blk_5834837691708437956,False,False,0.0,train
blk_3261897387625726540,False,False,0.0,train
blk_3766344663623304814,False,False,0.0,train
blk_-1956948421218739003,False,False,0.0,train
blk_-7166549631347336096,False,False,0.0,train
blk_-621187439109159974,False,False,0.0,train
blk_-1121858602935306008,False,False,0.0,train
blk_3582004239879770494,False,False,0.0,train
blk_3437143421035877279,False,False,0.0,train
blk_-1609765620564988115,False,False,0.0,train
blk_-1393118450779914221,False,False,0.0,train
blk_6894611178889010356,False,False,0.0,train
blk_-6570641856734144247,False,False,0.0,train
blk_5142953981503367143,False,False,0.0,train
blk_-3588907508228123713,False,False,0.0,train
blk_-9114440124443488947,False,False,0.0,train
blk_7888946331804732825,False,False,0.0,train
blk_4579758725772167638,False,False,0.0,train
blk_744654373031502116,False,False,0.0,train
blk_5012742867973631557,False,False,0.0,train
blk_3578383221532715972,False,False,0.0,train
blk_-2449203504484604368,False,False,0.0,train
blk_6546110570796576945,False,False,0.0,train
blk_-372649040274155558,False,False,0.0,train
blk_-1507992907930766879,False,False,0.0,train
blk_5467209768808489087,False,False,0.0,train
blk_-6016419927344806254,False,False,0.0,train
blk_7112179230669440940,False,False,0.0,train
blk_5287195192806632150,False,False,0.0,train
blk_-4756111619693863188,False,False,0.0,train
blk_6868382892608822116,False,False,0.0,train
blk_-4429793941832412937,False,False,0.0,train
blk_-6860867585855506023,False,False,0.0,train
blk_-7415158834895919853,False,False,0.0,train
blk_-6499888906525186575,False,False,0.0,train
blk_-7816225501878017781,False,False,0.0,train
blk_8507700218588425722,False,False,0.0,train
blk_3612656771142794646,False,False,0.0,train
blk_-2573758889055054700,False,False,0.0,train
blk_5892732490436842720,False,False,0.0,train
blk_5071695624719709460,False,False,0.0,train
blk_4676087162875644238,False,False,0.0,train
blk_921411419154121436,False,False,0.0,train
blk_5913489691049561837,False,False,0.0,train
blk_-1125562161725129359,False,False,0.0,train
blk_-4518817295592150761,False,False,0.0,train
blk_5436901023524689203,False,False,0.0,train
blk_3470882588004349433,False,False,0.0,train
blk_1237208774656316172,False,False,0.0,train
blk_5266480863487866994,False,False,0.0,train
blk_5782302342707141533,True,True,2.3527,train
blk_-8526516225665487646,False,False,0.0,train
blk_8359282243099177241,True,False,0.0,train
blk_-3236982856065144982,False,False,0.0,train
blk_7954110379488499927,False,False,0.0,train
blk_998788538234313747,False,False,0.0,train
blk_-5661539734105910778,False,False,0.0,train
blk_-776371968789955753,False,False,0.0,train
blk_-7871180387978590368,False,False,0.0,train
blk_6097187016557534416,False,False,0.0,train
blk_527093670469821142,False,False,0.0,train
blk_-7010112420097080833,False,False,0.0,train
blk_-8958037550411401283,False,False,0.0,train
blk_-4623940423453806649,False,False,0.0,train
blk_4038672314214420373,False,False,0.0,train
blk_1014812497566120738,False,False,0.0,train
blk_-2584538352939151800,False,False,0.0,train
blk_-4898344752490597740,False,False,0.0,train
blk_-9207633898597100876,False,False,0.0,train
blk_6936669305011437972,False,False,0.0,train
blk_-1130958937257014220,False,False,0.0,train
blk_5185727082066906596,False,False,0.0,train
blk_8464056021668582878,True,False,0.0,train
blk_-5201712376138741934,False,False,0.0,train
blk_2729615874339867636,False,False,0.0,train
blk_6140155344139796160,False,False,0.0,train
blk_-6065971663402137048,False,False,0.0,train
blk_857670452400349447,False,False,0.0,train
blk_5165775997505392379,False,False,0.0,train
blk_-235743506614322547,False,False,0.0,train
blk_-3496808012466843140,False,False,0.0,train
blk_2786502979472789668,False,False,0.0,train
blk_-392866226495780807,False,False,0.0,train
blk_-6147654713300647541,False,False,0.0,train
blk_-2413924870830373005,False,False,0.0,train
blk_-4000857859416113044,False,False,0.0,train
blk_2850338959579776973,False,False,0.0,train
blk_-2753778677999956371,False,False,0.0,train
blk_-3566180740999303342,False,False,0.0,train
blk_-9113469695527474856,False,False,0.0,train
blk_-219011296641197419,False,False,0.0,train
blk_4561140075713754008,False,False,0.0,train
blk_-5463384113993637643,False,False,0.0,train
blk_-2017517834676552938,False,False,0.0,train
blk_4856800900595244122,False,False,0.0,train
blk_5950002548549788816,False,False,0.0,train
blk_-2403092646030213287,False,False,0.0,train
blk_7618159856659185153,False,False,0.0,train
blk_-3938063505364989723,False,False,0.0,train
blk_-7545634922547050724,False,False,0.0,train
blk_4164246192895089138,False,False,0.0,train
blk_6707650574394378606,False,False,0.0,train
blk_1413283769831260174,False,False,0.0,train
blk_3366643629592317257,False,False,0.0,train
blk_-7411989991979366323,False,False,0.0,train
blk_-6184374705245612746,False,False,0.0,train
blk_2105431985135084796,False,False,0.0,train
blk_-1970608547039824592,False,False,0.0,train
blk_8686779298165385949,True,False,0.0,train
blk_3312311969155556505,False,False,0.0,train
blk_-8588836492334626565,False,False,0.0,train
blk_-5910244134265471249,False,False,0.0,train
blk_-3488136620514370542,False,False,0.0,train
blk_7183566620789659043,False,False,0.0,train
blk_5908206538552454113,True,True,1.5471,train
blk_-1857742718218650697,False,False,0.0,train
blk_-118377932304695936,False,False,0.0,train
blk_9148442421530482614,True,False,0.0,train
blk_2925309086679187170,False,False,0.0,train
blk_-1033194441533613009,False,False,0.0,train
blk_6836785670184598075,False,False,0.0,train
blk_-6607317288150277512,False,False,0.0,train
blk_-7768799077315881432,False,False,0.0,train
blk_-4775557500239815055,False,False,0.0,train
blk_-8116075743104399530,False,False,0.0,train
blk_3043508239071596996,False,False,0.0,train
blk_1694634485472016494,False,False,0.0,train
blk_-2099180999893725000,False,False,0.0,train
blk_-1706475075899716889,False,False,0.0,train
blk_2290822067101571981,False,False,0.0,train
blk_7033723991012341652,False,False,0.0,train
blk_6662319198819060142,False,False,0.0,train
blk_4736998754431026898,False,False,0.0,train
blk_5272711209968890389,False,False,0.0,train
blk_-1596352699890616985,False,False,0.0,train
blk_6057761715277511921,False,False,0.0,train
blk_-1242469994451814405,False,False,0.0,train
blk_7285652177246701840,False,False,0.0,train
blk_-3566986397461511367,False,False,0.0,train
blk_-3738577576050588362,False,False,0.0,train
blk_1801076374605301632,False,False,0.0,train
blk_-2632859391144617158,False,False,0.0,train
blk_-3623769329833701123,False,False,0.0,train
blk_4733454378976750662,False,False,0.0,train
blk_7483108903978801762,False,False,0.0,train
blk_-7239963828641284711,False,False,0.0,train
blk_-5012193451136170520,False,False,0.0,train
blk_-7679809514407280228,False,False,0.0,train
blk_1725518069773203893,False,False,0.0,train
blk_-1148561191067180742,False,False,0.0,train
blk_6241141267506413726,False,False,0.0,train
blk_-8458677985457595120,False,False,0.0,train
blk_-5552198950251170428,False,False,0.0,train
blk_1038603902414757864,False,False,0.0,train
blk_-2188719736852532166,False,False,0.0,train
blk_6895451741188006302,False,False,0.0,train
blk_-4384328625926759710,False,False,0.0,train
blk_-1284619792482091323,False,False,0.0,train
blk_-285391931962608466,False,False,0.0,train
blk_-1297733642260145528,False,False,0.0,train
blk_8245176888463908788,False,False,0.0,train
blk_-4390075694443983500,False,False,0.0,train
blk_-5428675155319954540,False,False,0.0,train
blk_6274190714791435996,False,False,0.0,train
blk_-8750570366176221489,False,False,0.0,train
blk_-458519228782014993,False,False,0.0,train
blk_405558883659142335,False,False,0.0,train
blk_-7229392806013851426,False,False,0.0,train
blk_-4796977609395773139,False,False,0.0,train
blk_-4755278606400715308,False,False,0.0,train
blk_-2506422312952871886,False,False,0.0,train
blk_-260330801115224305,False,False,0.0,train
blk_2465025294704528058,False,False,0.0,train
blk_642569383131631102,False,False,0.0,train
blk_1481874527680898097,False,False,0.0,train
blk_-8504641398453051746,False,False,0.0,train
blk_2428195746941385649,False,False,0.0,train
blk_9008083263314730567,False,False,0.0,train
blk_2036139027497330035,False,False,0.0,train
blk_8976798864166904383,False,False,0.0,train
blk_1512418518541883133,False,False,0.0,train
blk_4543662959522611842,False,False,0.0,train
blk_-6497092944200894578,False,False,0.0,train
blk_5959110835664144035,False,False,0.0,train
blk_-8712137329502950849,False,False,0.0,train
blk_7264295638447748849,False,False,0.0,train
blk_8088019087258381942,False,False,0.0,train
blk_-4513591171662353411,False,False,0.0,train
blk_7236230406991522928,False,False,0.0,train
blk_-7267604718294890187,False,False,0.0,train
blk_-2570044903995223774,False,False,0.0,train
blk_959455184795392426,False,False,0.0,train
blk_-7485400487074609549,False,False,0.0,train
blk_-2514943868333422655,False,False,0.0,train
blk_5802078870340405089,True,False,0.0,train
blk_1026063705722830071,False,False,0.0,train
blk_-2134795351658315281,False,False,0.0,train
blk_3801686599099734912,False,False,0.0,train
blk_-8007494476544883747,False,False,0.0,train
blk_4188646353652521875,False,False,0.0,train
blk_4667932484995778820,False,False,0.0,train
blk_-4584803560480081316,False,False,0.0,train
blk_-250264036841950616,False,False,0.0,train
blk_-7352040093556441007,False,False,0.0,train
blk_-4156318992242949949,False,False,0.0,train
blk_-1017450244660796320,False,False,0.0,train
blk_-894228731992328663,False,False,0.0,train
blk_-6405370217663875857,False,False,0.0,train
blk_-5248865599905712159,False,False,0.0,train
blk_-4845663345676718484,True,True,2.3527,train
blk_7878745096091055936,False,False,0.0,train
blk_-4482544533812196974,False,False,0.0,train
blk_-848310470870248672,False,False,0.0,train
blk_-4194977335586343802,True,True,2.3527,train
blk_762161430015263190,False,False,0.0,train
blk_-3538154596208147056,False,False,0.0,train
blk_-7726484377339282361,False,False,0.0,train
blk_8188962513161077300,False,False,0.0,train
blk_-9032590483414812008,False,False,0.0,train
blk_925282495352017642,False,False,0.0,train
blk_263234557905107333,False,False,0.0,train
blk_1101766275217118470,False,False,0.0,train
blk_-2392663591495690183,False,False,0.0,train
blk_511207092252594982,False,False,0.0,train
blk_-7249471989513323835,False,False,0.0,train
blk_1801170378082948555,False,False,0.0,train
blk_-7742733517207493078,False,False,0.0,train
blk_7522646479875695956,False,False,0.0,train
blk_6746381417439056631,False,False,0.0,train
blk_-288479956229310325,False,False,0.0,train
blk_-496692173417080186,True,False,0.0,train
blk_-981424045300224122,False,False,0.0,train
blk_4161176423544535120,False,False,0.0,train
blk_-5742952268452118647,False,False,0.0,train
blk_4779773048451916011,False,False,0.0,train
blk_7183348168665263943,False,False,0.0,train
blk_2367715007929510992,False,False,0.0,train
blk_3764765664898658790,False,False,0.0,train
blk_-860867545572869811,False,False,0.0,train
blk_2050831701154757595,False,False,0.0,train
blk_3593817325079977027,False,False,0.0,train
blk_2692065576257731147,False,False,0.0,train
blk_2425075867938884213,False,False,0.0,train
blk_-471789536396749586,False,False,0.0,train
blk_2820800942689463536,False,False,0.0,train
blk_8729768707867317330,True,False,0.0,train
blk_-2269556443890815323,False,False,0.0,train
blk_-677348930061485048,False,False,0.0,train
blk_356765806454643931,False,False,0.0,train
blk_-2356482106336783696,False,False,0.0,train
blk_-2931690694166330009,False,False,0.0,train
blk_7808639739744590056,False,False,0.0,train
blk_-3488949042233837395,False,False,0.0,train
blk_6155012273887249412,False,False,0.0,train
blk_4258870695102939492,False,False,0.0,train
blk_2010651056682934790,False,False,0.0,train
blk_4174162920863021853,False,False,0.0,train
blk_-1241352113331323905,False,False,0.0,train
blk_-5665587988764099013,False,False,0.0,train
blk_-2259725548299864108,False,False,0.0,train
blk_2266523738856369581,False,False,0.0,train
blk_2578285390478434508,False,False,0.0,train
blk_-7907894333251405247,False,False,0.0,train
blk_-4173820334344338362,False,False,0.0,train
blk_-3250116940218836857,False,False,0.0,train
blk_7370663492155908295,False,False,0.0,train
blk_-4529758768468134175,False,False,0.0,train
blk_-7044024876920809411,True,True,2.3527,train
blk_3486903855104836496,False,False,0.0,train
blk_-83981885583574265,False,False,0.0,train
blk_3704843856984068067,False,False,0.0,train
blk_794936520045011015,False,False,0.0,train
blk_-1659229016253843607,False,False,0.0,train
blk_1630801256720409402,False,False,0.0,train
blk_3261052715820928713,False,False,0.0,train
blk_3620841584682055252,False,False,0.0,train
blk_6961916728958662219,False,False,0.0,train
blk_-1137419084669065,False,False,0.0,train
blk_6218282207034677103,False,False,0.0,train
blk_4430966604404067856,False,False,0.0,train
blk_2895168403459429076,False,False,0.0,train
blk_-5676625703171991730,False,False,0.0,train
blk_-3055344908410833247,False,False,0.0,train
blk_7338966194082389851,False,False,0.0,train
blk_4050260961773585309,False,False,0.0,train
blk_-5398164368594368176,False,False,0.0,train
blk_-2141550826768468000,False,False,0.0,train
blk_-1449625639595221288,False,False,0.0,train
blk_1561369162754449142,False,False,0.0,train
blk_482174472906277965,False,False,0.0,train
blk_3051854073297862097,False,False,0.0,train
blk_7127926460166587459,False,False,0.0,train
blk_8797277267092920047,False,False,0.0,train
blk_-4673458665007814796,False,False,0.0,train
blk_4342903945152693225,False,False,0.0,train
blk_4659954519485628054,False,False,0.0,train
blk_3367394037774496318,False,False,0.0,train
blk_-7682876117389359740,False,False,0.0,train
blk_6981892115139285164,False,False,0.0,train
blk_4485134173556313549,False,False,0.0,train
blk_4397706685061717945,False,False,0.0,train
blk_8257551289469425716,False,False,0.0,train
blk_6978221445928387774,False,False,0.0,train
blk_-4849643695323274887,False,False,0.0,train
blk_-5793401437649841073,False,False,0.0,train
blk_5071904310863341018,False,False,0.0,train
blk_-2383287247377858104,False,False,0.0,train
blk_-7948092631436548049,False,False,0.0,train
blk_3356682220012018175,False,False,0.0,train
blk_-1658052951422114426,False,False,0.0,train
blk_-685804783642294701,False,False,0.0,train
blk_4638851334133122544,False,False,0.0,train
blk_4760693685433488942,False,False,0.0,train
blk_4998955506082606989,False,False,0.0,train
blk_-6904675303568433781,False,False,0.0,train
blk_489169157920072718,False,False,0.0,train
blk_8559927880339578886,False,False,0.0,train
blk_-4785113439200960105,False,False,0.0,train
blk_8014879950795053479,False,False,0.0,train
blk_-2183627350451262631,False,False,0.0,train
blk_-8097237530944078016,False,False,0.0,train
blk_-200929112553718126,False,False,0.0,train
blk_-5965872184592512125,False,False,0.0,train
blk_6556981657340383365,False,False,0.0,train
blk_-3272380112381095920,False,False,0.0,train
blk_-2080937407202966620,False,False,0.0,train
blk_-1583796566477573469,False,False,0.0,train
blk_1968107584907454835,True,True,2.3527,train
blk_-1382408528847375736,False,False,0.0,train
blk_-4129587232595682736,False,False,0.0,train
blk_-1913844243488517013,False,False,0.0,train
blk_-6914344792678627673,False,False,0.0,train
blk_8928087121881022015,False,False,0.0,train
blk_7317141899199840658,False,False,0.0,train
blk_7411549038320987727,False,False,0.0,train
blk_507771509308817273,False,False,0.0,train
blk_4230385959140876761,False,False,0.0,train
blk_-3214942899732243864,False,False,0.0,train
blk_-439553142940473726,False,False,0.0,train
blk_-3980154195933768584,False,False,0.0,train
blk_1931950214896072791,False,False,0.0,train
blk_6100902262718070968,False,False,0.0,train
blk_-4814226127062823377,False,False,0.0,train
blk_-7390789175369600724,False,False,0.0,train
blk_-1767543383384101073,False,False,0.0,train
blk_5453699193017037931,False,False,0.0,train
blk_536864067935905694,False,False,0.0,train
blk_2611911365497756664,False,False,0.0,train
blk_7489923904286676953,True,False,0.0,train
blk_-7633326342885611447,False,False,0.0,train
blk_-2202118075754267598,False,False,0.0,train
blk_-2184446361737931295,False,False,0.0,train
blk_6147807738130120292,False,False,0.0,train
blk_-917559772837796859,False,False,0.0,train
blk_1540682700808261265,True,True,1.5471,train
blk_-6120833347268739398,False,False,0.0,train
blk_-6644876540147867759,False,False,0.0,train
blk_6434230208492852740,False,False,0.0,train
blk_2094549941143825333,False,False,0.0,train
blk_8776541468782357879,True,False,0.0,train
blk_-1614839823817604558,False,False,0.0,train
blk_-5618064204712940332,False,False,0.0,train
blk_190172737219865567,False,False,0.0,train
blk_-4641276479653881047,False,False,0.0,train
blk_8560574958046424134,False,False,0.0,train
blk_61912487919537950,False,False,0.0,train
blk_-1370233730286866534,False,False,0.0,train
blk_-7313521170158217539,False,False,0.0,train
blk_4617505502561449490,False,False,0.0,train
blk_4039064252668851750,False,False,0.0,train
blk_6045765946840212638,False,False,0.0,train
blk_-5862509294475468752,False,False,0.0,train
blk_4797010597622047462,True,True,1.5471,train
blk_-9026458046331158970,False,False,0.0,train
blk_-1467262205651621844,False,False,0.0,train
blk_6005705654616839063,False,False,0.0,train
blk_6038069591769060001,False,False,0.0,train
blk_-7227089635260986571,False,False,0.0,train
blk_5324131639742244785,False,False,0.0,train
blk_-4022203167272838352,False,False,0.0,train
blk_-2304217008809329190,False,False,0.0,train
blk_-8831406281005287095,False,False,0.0,train
blk_7247639658826765442,False,False,0.0,train
blk_1035213222116774550,False,False,0.0,train
blk_-3046244377985827086,False,False,0.0,train
blk_5618728624637017561,False,False,0.0,train
blk_97831252857303896,False,False,0.0,train
blk_-1128043172391965982,False,False,0.0,train
blk_4013612667427745526,False,False,0.0,train
blk_-4651195250891174756,False,False,0.0,train
blk_1039244465231275288,False,False,0.0,train
blk_-1215569343602376928,False,False,0.0,train
blk_-7840537401678661112,False,False,0.0,train
blk_6081307139695849844,False,False,0.0,train
blk_-2125681194680440719,False,False,0.0,train
blk_3367767679469055833,False,False,0.0,train
blk_8246640784664624144,True,False,0.0,train
blk_-4948744351549634643,False,False,0.0,train
blk_2609767600736860406,False,False,0.0,train
blk_4850228813354973079,False,False,0.0,train
blk_3368605501042515823,False,False,0.0,train
blk_-720935558012755161,False,False,0.0,train
blk_5293327285350143513,False,False,0.0,train
blk_-8994491152999597123,False,False,0.0,train
blk_-3264842198971198684,False,False,0.0,train
blk_5473735715758771251,False,False,0.0,train
blk_-7722716157119471069,False,False,0.0,train
blk_3063995378073882190,False,False,0.0,train
blk_-6381247714854046070,False,False,0.0,train
blk_6023489552739370085,False,False,0.0,train
blk_2472193461612696287,False,False,0.0,train
blk_1024820459922441567,False,False,0.0,train
blk_-1080358338363943379,False,False,0.0,train
blk_6222670714352648494,False,False,0.0,train
blk_3708098229033425599,False,False,0.0,train
blk_-1291666103912109015,False,False,0.0,train
blk_-2744423142096815665,False,False,0.0,train
blk_-5958682330252481329,False,False,0.0,train
blk_-5470257487410890820,False,False,0.0,train
blk_4854561713404436303,False,False,0.0,train
blk_-436413758917397274,False,False,0.0,train
blk_-5289197878909797469,False,False,0.0,train
blk_7617346723788050494,False,False,0.0,train
blk_1276867057968506240,False,False,0.0,train
blk_5472965878248258832,False,False,0.0,train
blk_-5340644965331216626,False,False,0.0,train
blk_-7436479428178540627,False,False,0.0,train
blk_6529853194451069175,False,False,0.0,train
blk_-7230334514513755570,False,False,0.0,train
blk_-8041588639351366627,False,False,0.0,train
blk_-6174960511608517771,False,False,0.0,train
blk_2037259841889019279,False,False,0.0,train
blk_3542632703935239533,False,False,0.0,train
blk_7327115089553210708,False,False,0.0,train
blk_-5342088232423069357,False,False,0.0,train
blk_-5554421718181253337,False,False,0.0,train
blk_-5619155499737146241,False,False,0.0,train
blk_-3634966305420837166,False,False,0.0,train
blk_4852781405354887648,False,False,0.0,train
blk_-2115763910453772113,False,False,0.0,train
blk_5699534539096569844,False,False,0.0,train
blk_3337714047141773093,False,False,0.0,train
blk_2335767336541654785,False,False,0.0,train
blk_359788997508533183,False,False,0.0,train
blk_-3713925706030903401,False,False,0.0,train
blk_-8380114486897794306,False,False,0.0,train
blk_-6104178638267088108,False,False,0.0,train
blk_1820150416158000908,False,False,0.0,train
blk_2771148091333951361,False,False,0.0,train
blk_8775842545569398568,False,False,0.0,train
blk_-6528538316159169132,False,False,0.0,train
blk_325100885540808743,False,False,0.0,train
blk_4360382722912094228,False,False,0.0,train
blk_-6970243361627989917,False,False,0.0,train
blk_-3590861162333020030,False,False,0.0,train
blk_5885793455152294798,False,False,0.0,train
blk_-2907451869644412030,False,False,0.0,train
blk_2731826607296708963,False,False,0.0,train
blk_9167855612945544291,False,False,0.0,train
blk_7196802418517529288,False,False,0.0,train
blk_1703525974694582273,False,False,0.0,train
blk_7337184756385177166,False,False,0.0,train
blk_1666356185803105554,False,False,0.0,train
blk_7913281247741347723,False,False,0.0,train
blk_-7272577559948543216,False,False,0.0,train
blk_9141187285910457136,False,False,0.0,train
blk_2624596837212227123,False,False,0.0,train
blk_3191173373700482576,False,False,0.0,train
blk_5298950768328476465,False,False,0.0,train
blk_8308729574754776015,False,False,0.0,train
blk_3544664616670619554,False,False,0.0,train
blk_2627772507108787425,False,False,0.0,train
blk_-8721488844637582351,False,False,0.0,train
blk_607696807724454739,False,False,0.0,train
blk_-326181041711642642,False,False,0.0,train
blk_-2833470473091686267,False,False,0.0,train
blk_8956029894348668245,True,False,0.0,train
blk_-7906327619730700049,False,False,0.0,train
blk_-760302245406658455,False,False,0.0,train
blk_-3291799491992938445,False,False,0.0,train
blk_7886008781973722436,False,False,0.0,train
blk_1171383652679691347,False,False,0.0,train
blk_398716135622493908,False,False,0.0,train
blk_7559895420747056390,False,False,0.0,train
blk_-1891559311088047957,False,False,0.0,train
blk_-3375965849924518931,False,False,0.0,train
blk_-1340688878642648826,False,False,0.0,train
blk_4652374871146048409,False,False,0.0,train
blk_1812474846474847126,False,False,0.0,train
blk_-2264637403662718559,False,False,0.0,train
blk_8492784150309274555,False,False,0.0,train
blk_5257344323723175916,False,False,0.0,train
blk_-8840444743356752362,False,False,0.0,train
blk_-7711344671741122456,False,False,0.0,train
blk_4679541639034842892,False,False,0.0,train
blk_8608974154783629388,True,False,0.0,train
blk_-2289275915589146875,False,False,0.0,train
blk_2526871787768315240,False,False,0.0,train
blk_2483618851527528787,False,False,0.0,train
blk_1946367458374527873,False,False,0.0,train
blk_6499499249174944724,False,False,0.0,train
blk_-7241325176674570077,False,False,0.0,train
blk_-6615810190106554847,False,False,0.0,train
blk_7322175837830064286,False,False,0.0,train
blk_8225451996519902271,True,False,0.0,train
blk_1156234702439814567,False,False,0.0,train
blk_-1897532867180110895,False,False,0.0,train
blk_2127818749817765643,False,False,0.0,train
blk_-1057364337346856464,False,False,0.0,train
blk_-5350492094942566244,True,True,1.5471,train
blk_7369802263730493313,False,False,0.0,train
blk_7019571787243184958,False,False,0.0,train
blk_-2584840834034237251,False,False,0.0,train
blk_-1699508339583989281,False,False,0.0,train
blk_-2488082307288759081,False,False,0.0,train
blk_6559772582733523259,False,False,0.0,train
blk_-494352054309741529,False,False,0.0,train
blk_-5881275533627287733,False,False,0.0,train
blk_-1420999590004208528,False,False,0.0,train
blk_-2805281578943451601,False,False,0.0,train
blk_5081940306751881996,False,False,0.0,train
blk_-3177191304769277981,False,False,0.0,train
blk_8298841907097975481,False,False,0.0,train
blk_-6339034986314758754,False,False,0.0,train
blk_5229934417165179592,False,False,0.0,train
blk_6494546736112184938,False,False,0.0,train
blk_-5057218155180788539,False,False,0.0,train
blk_-4481858280301127671,False,False,0.0,train
blk_-3262729248001103250,False,False,0.0,train
blk_-7417596835102560157,False,False,0.0,train
blk_3318822925199933315,False,False,0.0,train
blk_4756978375495369484,False,False,0.0,train
blk_597940719852133780,False,False,0.0,train
blk_-1051183647010524801,False,False,0.0,train
blk_2456779292526112314,False,False,0.0,train
blk_-8884264645385711172,False,False,0.0,train
blk_5152268585479482151,False,False,0.0,train
blk_4626984042064570891,False,False,0.0,train
blk_3059682484283617541,False,False,0.0,train
blk_7908690468373855656,False,False,0.0,train
blk_519837934222027863,False,False,0.0,train
blk_-7735521871949095871,False,False,0.0,train
blk_6829639795394267373,False,False,0.0,train
blk_2946148263352504190,False,False,0.0,train
blk_2993864343551866312,False,False,0.0,train
blk_852860471740215381,False,False,0.0,train
blk_-7370011943551732276,False,False,0.0,train
blk_9155546032632186377,False,False,0.0,train
blk_-5725761652863446309,False,False,0.0,train
blk_1546261215778020799,False,False,0.0,train
blk_4124383844602201149,False,False,0.0,train
blk_4438299806816545743,True,False,0.0,train
blk_8565874682000498967,False,False,0.0,train
blk_-9171560892856574518,False,False,0.0,train
blk_2715431324380976647,False,False,0.0,train
blk_-529561454604787020,False,False,0.0,train
blk_-2571983086935058253,False,False,0.0,train
blk_8193062846998147769,False,False,0.0,train
blk_-1098088608193842019,False,False,0.0,train
blk_-6570787968438355565,False,False,0.0,train
blk_7131228062659550736,False,False,0.0,train
blk_-3879561488760493694,False,False,0.0,train
blk_-1528584110890850850,False,False,0.0,train
blk_5057779185426921599,False,False,0.0,train
blk_-4088810514965544709,False,False,0.0,train
blk_3020513751006966598,False,False,0.0,train
blk_-5315965392150874087,False,False,0.0,train
blk_892170532545871374,False,False,0.0,train
blk_6772130190133701171,False,False,0.0,train
blk_-4129473458262205964,False,False,0.0,train
blk_3358202889586420983,False,False,0.0,train
blk_-4708426107780088637,False,False,0.0,train
blk_6824726608130071210,False,False,0.0,train
blk_1211098813190682393,False,False,0.0,train
blk_-1788465330331960852,False,False,0.0,train
blk_5245638155902651297,False,False,0.0,train
blk_4614725566040300909,False,False,0.0,train
blk_-6858814401791213446,False,False,0.0,train
blk_-2123464993238779953,False,False,0.0,train
blk_3719875237101216732,False,False,0.0,train
blk_8364856296594445344,False,False,0.0,train
blk_-3331461147845132780,False,False,0.0,train
blk_-2369339219872425885,False,False,0.0,train
blk_671791468156664917,False,False,0.0,train
blk_-6524148959020691283,False,False,0.0,train
blk_1296687466533239850,False,False,0.0,train
blk_6542597006933538044,False,False,0.0,train
blk_-6599253946773475011,False,False,0.0,train
blk_-4417608862253882082,False,False,0.0,train
blk_287369995807896195,False,False,0.0,train
blk_-912541083291736645,False,False,0.0,train
blk_-1692751677803857572,False,False,0.0,train
blk_-6347603876767415145,False,False,0.0,train
blk_-6765004315599131097,False,False,0.0,train
blk_-7904920960436561427,False,False,0.0,train
blk_8586577069068360435,False,False,0.0,train
blk_5797720827005110906,False,False,0.0,train
blk_868467403665541627,False,False,0.0,train
blk_3642544326877519793,False,False,0.0,train
blk_7954948786605044513,False,False,0.0,train
blk_7983081883938549352,False,False,0.0,train
blk_-4297441188495371170,False,False,0.0,train
blk_-6120979451234233932,False,False,0.0,train
blk_-1457041365556697115,False,False,0.0,train
blk_2785482194697863560,False,False,0.0,train
blk_-811397883315631121,False,False,0.0,train
blk_-8588908000680498,False,False,0.0,train
blk_1707839968934991260,False,False,0.0,train
blk_-778468828581447358,False,False,0.0,train
blk_8188879580151373064,False,False,0.0,train
blk_3331380958219211619,False,False,0.0,train
blk_1547809526376498310,False,False,0.0,train
blk_-7826121774633537459,False,False,0.0,train
blk_68063282556133214,False,False,0.0,train
blk_9168128311659117341,False,False,0.0,train
blk_6313338521163430019,False,False,0.0,train
blk_-4305593247012162687,False,False,0.0,train
blk_1131212494337742674,False,False,0.0,train
blk_3357572295063412224,False,False,0.0,train
blk_-4391409395425040341,False,False,0.0,train
blk_6728227953323264953,False,False,0.0,train
blk_-8368440548867586554,False,False,0.0,train
blk_7860938493828814932,False,False,0.0,train
blk_668369363770234196,False,False,0.0,train
blk_2055369461113018851,False,False,0.0,train
blk_-572184778189426220,False,False,0.0,train
blk_3381884181585354683,False,False,0.0,train
blk_-8322694429849338752,False,False,0.0,train
blk_-6694369325065220401,False,False,0.0,train
blk_4300011426875444940,False,False,0.0,train
blk_-673555322665619892,False,False,0.0,train
blk_-7079028864584563445,False,False,0.0,train
blk_3799870466491068235,False,False,0.0,train
blk_4893093272490743355,False,False,0.0,train
blk_-5584761102910632352,False,False,0.0,train
blk_6195443142094907353,False,False,0.0,train
blk_-3262610997380547581,False,False,0.0,train
blk_-2896089565863375548,False,False,0.0,train
blk_8386288827038470444,False,False,0.0,train
blk_5499134040280735418,False,False,0.0,train
blk_-4675601158066448701,False,False,0.0,train
blk_-2031391755390611847,False,False,0.0,train
blk_5370031153095695289,False,False,0.0,train
blk_5314990912523712042,False,False,0.0,train
blk_-3483450623622180776,False,False,0.0,train
blk_3734167989970851843,False,False,0.0,train
blk_11422240561571616,False,False,0.0,train
blk_-6048991104392243833,False,False,0.0,train
blk_-5947595309031086746,False,False,0.0,train
blk_-3517485871699816351,False,False,0.0,train
blk_-2775775921677320014,False,False,0.0,train
blk_3061937980832296286,True,True,1.5471,train
blk_4916611404037048331,False,False,0.0,train
blk_-5767670158575471723,False,False,0.0,train
blk_-7315949333030466776,False,False,0.0,train
blk_-1691497604051640752,False,False,0.0,train
blk_4171475025246875775,False,False,0.0,train
blk_-2618470739868107966,False,False,0.0,train
blk_-4648180233756776257,False,False,0.0,train
blk_-1996904954055474930,False,False,0.0,train
blk_4464599776597488489,False,False,0.0,train
blk_8522440494057928612,True,False,0.0,train
blk_-7146172040359042713,False,False,0.0,train
blk_1913207732093518249,False,False,0.0,train
blk_2775281512614810095,False,False,0.0,train
blk_-6729464019663702471,False,False,0.0,train
blk_-7887474473969193833,False,False,0.0,train
blk_6652333621096073069,False,False,0.0,train
blk_-4325333309024660608,False,False,0.0,train
blk_-4420104584307635033,False,False,0.0,train
blk_1435439897630561617,False,False,0.0,train
blk_1544197837001231312,False,False,0.0,train
blk_-2601159611859852888,False,False,0.0,train
blk_-3886000165306201922,False,False,0.0,train
blk_-7714348983003173403,False,False,0.0,train
blk_-6841015718464451801,False,False,0.0,train
blk_6425714359878811982,False,False,0.0,train
blk_-8766443250011188705,False,False,0.0,train
blk_-4471276021199638963,False,False,0.0,train
blk_5921443411859097929,False,False,0.0,train
blk_-2792935853305331615,False,False,0.0,train
blk_6108915947818536316,False,False,0.0,train
blk_-5177446198980508555,False,False,0.0,train
blk_4553202754626930664,False,False,0.0,train
blk_7170580934070219361,False,False,0.0,train
blk_7897285090391236993,False,False,0.0,train
blk_5347038747988539735,False,False,0.0,train
blk_5233061578121206221,False,False,0.0,train
blk_1091132185486371557,False,False,0.0,train
blk_8479499772288996645,False,False,0.0,train
blk_7936423389955810426,True,False,0.0,train
blk_1263204750824664360,False,False,0.0,train
blk_2030065497956214994,False,False,0.0,train
blk_3840846589960158142,False,False,0.0,train
blk_-5412304711330412006,False,False,0.0,train
blk_-924839600422356971,False,False,0.0,train
blk_-2044870930562069278,False,False,0.0,train
blk_-9145528625021316136,False,False,0.0,train
blk_-2806392838173367292,True,True,1.5471,train
blk_-3359932231660612447,False,False,0.0,train
blk_4379802129938036380,False,False,0.0,train
blk_3756850841515677849,False,False,0.0,train
blk_211765938328512380,False,False,0.0,train
blk_-1600320232754078594,False,False,0.0,train
blk_1439037065184155208,False,False,0.0,train
blk_2655242389244400254,False,False,0.0,train
blk_3882108147268249808,False,False,0.0,train
blk_-3614915931600118198,False,False,0.0,train
blk_8129049451957220215,False,False,0.0,train
blk_-3363729726692715477,False,False,0.0,train
blk_2637938605314802721,False,False,0.0,train
blk_6514891094453429327,False,False,0.0,train
blk_7565038765590483543,False,False,0.0,train
blk_-8975646672319015268,False,False,0.0,train
blk_5984597015849730101,False,False,0.0,train
blk_1506720518513070634,False,False,0.0,train
blk_8871956065353268117,False,False,0.0,train
blk_-4567977407266155313,False,False,0.0,train
blk_9179831125214287709,False,False,0.0,train
blk_8480605116447885959,False,False,0.0,train
blk_1992065994587513837,False,False,0.0,train
blk_7513405784789556134,False,False,0.0,train
blk_7717673425978832238,False,False,0.0,train
blk_-984784414178453452,False,False,0.0,train
blk_9010245713610163400,False,False,0.0,train
blk_-997536668896959536,False,False,0.0,train
blk_1183767495716607239,False,False,0.0,train
blk_3094033865794896009,False,False,0.0,train
blk_-8890070900484417952,False,False,0.0,train
blk_-7202537022312810163,False,False,0.0,train
blk_-7415991062082583993,False,False,0.0,train
blk_-8809715694947457129,False,False,0.0,train
blk_-6115740967503526947,False,False,0.0,train
blk_1837894420044852103,False,False,0.0,train
blk_-9212474909932115473,False,False,0.0,train
blk_6241821674141973262,False,False,0.0,train
blk_-385612957371204687,False,False,0.0,train
blk_2553958092503048038,False,False,0.0,train
blk_-265997403693543222,False,False,0.0,train
blk_8583609883851289399,True,False,0.0,train
blk_4186174115036968776,False,False,0.0,train
blk_4838541018292791456,False,False,0.0,train
blk_-605901864193166123,False,False,0.0,train
blk_3244404944441656212,False,False,0.0,train
blk_-7649993635172696081,False,False,0.0,train
blk_-202615617634445955,True,True,1.5471,train
blk_-5893013518662773309,False,False,0.0,train
blk_-2937309222203569344,False,False,0.0,train
blk_2522459733339304736,False,False,0.0,train
blk_-601921509426924673,False,False,0.0,train
blk_-2729700680538851946,False,False,0.0,train
blk_-2402914589383691583,False,False,0.0,train
blk_7745392566843793053,False,False,0.0,train
blk_-1886295043152742159,False,False,0.0,train
blk_-8157215849484481418,False,False,0.0,train
blk_8400364085025009768,False,False,0.0,train
blk_-5988489166213273019,False,False,0.0,train
blk_4287573742614512620,False,False,0.0,train
blk_2377150260128098806,False,False,0.0,train
blk_4536903046609815626,False,False,0.0,train
blk_-5803688021664448355,False,False,0.0,train
blk_-4928656549175953123,False,False,0.0,train
blk_660919028580674825,False,False,0.0,train
blk_767898835579053279,False,False,0.0,train
blk_-202664785686861379,False,False,0.0,train
blk_7362149085962708450,True,True,2.3527,train
blk_-4544595074492470553,False,False,0.0,train
blk_-4029481017751710461,False,False,0.0,train
blk_1584079955390024100,False,False,0.0,train
blk_-5312420896991356578,False,False,0.0,train
blk_-8311578831954310646,False,False,0.0,train
blk_8001785891180422666,True,False,0.0,train
blk_2781161634750750250,False,False,0.0,train
blk_-7779437146336524910,False,False,0.0,train
blk_-4894873621958975766,False,False,0.0,train
blk_-3375256906059386326,False,False,0.0,train
blk_-3276851443474364320,False,False,0.0,train
blk_-7415614779273954687,False,False,0.0,train
blk_-3253154672469247495,False,False,0.0,train
blk_-8548152957144511974,False,False,0.0,train
blk_6390214898748668345,False,False,0.0,train
blk_-8133557891562859578,False,False,0.0,train
blk_-1762594300374416220,False,False,0.0,train
blk_8813179861090517835,False,False,0.0,train
blk_-5978452670423711843,False,False,0.0,train
blk_659090093254379754,False,False,0.0,train
blk_8253437047659221995,False,False,0.0,train
blk_-5782780618284024630,False,False,0.0,train
blk_-8010105074046642537,False,False,0.0,train
blk_9112437732962000794,False,False,0.0,train
blk_-2139805598337350085,False,False,0.0,train
blk_2654016902986803151,True,True,2.3527,train
blk_1744432644546189397,False,False,0.0,train
blk_-3576594458036359576,False,False,0.0,train
blk_992037777600190687,False,False,0.0,train
blk_4312730463359350641,False,False,0.0,train
blk_-6567523264233749946,False,False,0.0,train
blk_2216019122475950186,False,False,0.0,train
blk_4617222134697320664,False,False,0.0,train
blk_-4865585821636470569,False,False,0.0,train
blk_-3744288507853146500,False,False,0.0,train
blk_-2295694881745889847,False,False,0.0,train
blk_2758738651526878872,False,False,0.0,train
blk_2900911527250106746,False,False,0.0,train
blk_6656132915591005558,False,False,0.0,train
blk_-3372812274239719748,False,False,0.0,train
blk_-1145940551956466443,False,False,0.0,train
blk_-7814474827587564593,False,False,0.0,train
blk_3698016797273149670,False,False,0.0,train
blk_194626696959819525,False,False,0.0,train
blk_-2102235370057985048,False,False,0.0,train
blk_7023830206694113514,False,False,0.0,train
blk_-6955905015982651412,False,False,0.0,train
blk_-5306979866133619896,False,False,0.0,train
blk_-714977809333048592,False,False,0.0,train
blk_5679332564404011413,True,True,2.3527,train
blk_376173308354199000,False,False,0.0,train
blk_15168319541852386,False,False,0.0,train
blk_-6654031878541056772,False,False,0.0,train
blk_-5267777036676930410,False,False,0.0,train
blk_7704859509353240825,False,False,0.0,train
blk_1310900114437661671,False,False,0.0,train
blk_-5760507864530110724,False,False,0.0,train
blk_25023618081021823,True,True,2.3527,train
blk_-4278065698452705095,False,False,0.0,train
blk_743904530249108849,False,False,0.0,train
blk_5748322483564786171,False,False,0.0,train
blk_-4625220316535736772,False,False,0.0,train
blk_8141808071445363675,False,False,0.0,train
blk_8976346665294206223,False,False,0.0,train
blk_-6143525600102699828,False,False,0.0,train
blk_7106876175223362194,False,False,0.0,train
blk_-42585101438270473,False,False,0.0,train
blk_-4974385501486779585,False,False,0.0,train
blk_5321490983420253611,False,False,0.0,train
blk_1294751506640336043,False,False,0.0,train
blk_1659101042752285007,False,False,0.0,train
blk_-7684316554676633224,False,False,0.0,train
blk_-3619971546015639003,False,False,0.0,train
blk_5286420803594987954,False,False,0.0,train
blk_-7616250274370598594,False,False,0.0,train
blk_-3575261216147450862,False,False,0.0,train
blk_1697793793783131702,False,False,0.0,train
blk_-2436061872515446875,False,False,0.0,train
blk_5085472776226767513,False,False,0.0,train
blk_-2642233100326277211,False,False,0.0,train
blk_4769751708926731612,False,False,0.0,train
blk_-4199020598320078688,False,False,0.0,train
blk_-7529606953261103372,False,False,0.0,train
blk_7056434361474521047,False,False,0.0,train
blk_-629942339983848306,False,False,0.0,train
blk_6793006144881065808,False,False,0.0,train
blk_1574510645662484009,False,False,0.0,train
blk_406725854104568501,False,False,0.0,train
blk_1214559494207613728,False,False,0.0,train
blk_5366569290464201622,False,False,0.0,train
blk_9209516605233823360,False,False,0.0,train
blk_-4204305913336923535,False,False,0.0,train
blk_6506703185724492498,False,False,0.0,train
blk_-5995763033423698104,False,False,0.0,train
blk_8354632629489789672,False,False,0.0,train
blk_-4350159849510682060,False,False,0.0,train
blk_-4132726984985171024,False,False,0.0,train
blk_2626966708438358995,False,False,0.0,train
blk_2025009910650319517,False,False,0.0,train
blk_-2678950506861184612,False,False,0.0,train
blk_423457504535510625,False,False,0.0,train
blk_8916281989654078289,False,False,0.0,train
blk_-5015794822747492177,False,False,0.0,train
blk_2344212245871561537,False,False,0.0,train
blk_5744124060331715260,False,False,0.0,train
blk_110454034952098683,False,False,0.0,train
blk_6763863888784019261,False,False,0.0,train
blk_-6610474758551187992,False,False,0.0,train
blk_-1968007884603578540,True,False,0.0,train
blk_-6929239302849326735,False,False,0.0,train
blk_-4416070821376643559,False,False,0.0,train
blk_-2272946068296489005,False,False,0.0,train
blk_-8815670780078291954,False,False,0.0,train
blk_2847546489084525795,False,False,0.0,train
blk_3686179277682088122,False,False,0.0,train
blk_-7253379701547682099,False,False,0.0,train
blk_-7108986600929137006,False,False,0.0,train
blk_-3957840578267236126,False,False,0.0,train
blk_2247629217161540672,False,False,0.0,train
blk_6763122885657574410,False,False,0.0,train
blk_3349862900618520050,False,False,0.0,train
blk_9109850278032621527,False,False,0.0,train
blk_9138022365685631742,False,False,0.0,train
blk_-5250229408365828643,False,False,0.0,train
blk_-596837697848112264,False,False,0.0,train
blk_-8465052885094851119,False,False,0.0,train
blk_-5615556793810607683,False,False,0.0,train
blk_5071805019400663991,False,False,0.0,train
blk_2925425919988386289,False,False,0.0,train
blk_2479364758168008617,False,False,0.0,train
blk_8514237647235940294,False,False,0.0,train
blk_-7695279616624061575,False,False,0.0,train
blk_3750604540394488644,False,False,0.0,train
blk_8463947063753504358,False,False,0.0,train
blk_6323566900066971207,False,False,0.0,train
blk_398788325644259832,False,False,0.0,train
blk_7398315039194540127,False,False,0.0,train
blk_-1632993432281406132,False,False,0.0,train
blk_-487160497666132,True,True,1.5471,train
blk_-3786049504184450336,False,False,0.0,train
blk_-7418519047272044126,True,True,1.5471,train
blk_7487583713815829893,False,False,0.0,train
blk_2513150984058952397,False,False,0.0,train
blk_-3438205694060002573,False,False,0.0,train
blk_1764313912257036874,False,False,0.0,train
blk_908683231203362758,False,False,0.0,train
blk_-7780492435792262675,False,False,0.0,train
blk_-3928492608496500663,False,False,0.0,train
blk_-8395502595503392872,False,False,0.0,train
blk_7703920979630856951,False,False,0.0,train
blk_6574854610339176179,False,False,0.0,train
blk_-340692863300489358,False,False,0.0,train
blk_8495955814495721695,False,False,0.0,train
blk_-9024517572212592285,False,False,0.0,train
blk_-4361022357132269669,False,False,0.0,train
blk_-8185523787240543527,False,False,0.0,train
blk_-3854296707098350124,False,False,0.0,train
blk_7065899806961613998,False,False,0.0,train
blk_-6380651761675498946,False,False,0.0,train
blk_6285549892133025931,False,False,0.0,train
blk_-6318807517047577094,False,False,0.0,train
blk_-6795252488912002768,False,False,0.0,train
blk_43482893556276394,True,True,2.3527,train
blk_-8977245237267910369,False,False,0.0,train
blk_-4940930928975995425,False,False,0.0,train
blk_574572692997768673,False,False,0.0,train
blk_-5072485097933601842,False,False,0.0,train
blk_-9103158997669580605,False,False,0.0,train
blk_-5840479443841614101,False,False,0.0,train
blk_-3595212159260792319,False,False,0.0,train
blk_6393961563084184303,False,False,0.0,train
blk_-3317361820574157522,False,False,0.0,train
blk_8486355478273768083,True,True,2.3527,train
blk_8295436565017893375,False,False,0.0,train
blk_6681939448410633958,False,False,0.0,train
blk_-1001553972418305662,False,False,0.0,train
blk_-2264055004683834668,False,False,0.0,train
blk_-5677656861059089702,False,False,0.0,train
blk_-4961129544299551418,False,False,0.0,train
blk_1934070016071281841,False,False,0.0,train
blk_-6432423497731378604,False,False,0.0,train
blk_-6024794091149862413,False,False,0.0,train
blk_2218650171184731077,False,False,0.0,train
blk_-1721407151923035379,False,False,0.0,train
blk_-7342966161423583663,False,False,0.0,train
blk_2757960980457227919,False,False,0.0,train
blk_-2040707953858473771,False,False,0.0,train
blk_-2049266288618816334,False,False,0.0,train
blk_3663167197201382393,False,False,0.0,train
blk_-6290448796136813792,False,False,0.0,train
blk_-4073796261874967790,False,False,0.0,train
blk_1495478346694023180,False,False,0.0,train
blk_2200317020750091152,False,False,0.0,train
blk_-9192239209980540438,False,False,0.0,train
blk_183100483434571588,False,False,0.0,train
blk_6501504359990052580,False,False,0.0,train
blk_-5413326929821095600,False,False,0.0,train
blk_5090839977991210636,False,False,0.0,train
blk_-8671711792648205990,False,False,0.0,train
blk_362541775501909831,False,False,0.0,train
blk_-2609147762147790302,True,True,1.5471,train
blk_7515658199847435976,False,False,0.0,train
blk_4499037268596401624,False,False,0.0,train
blk_-6495710125905279388,False,False,0.0,train
blk_1299429710240440952,False,False,0.0,train
blk_-4435506064356386631,False,False,0.0,train
blk_-6141208930789452321,False,False,0.0,train
blk_-5594373363780795106,False,False,0.0,train
blk_-4602734216474058526,False,False,0.0,train
blk_5367935869044457135,False,False,0.0,train
blk_-1742883738552714661,False,False,0.0,train
blk_6631781067448425326,False,False,0.0,train
blk_-6317772835218046259,False,False,0.0,train
blk_-9034021401389648096,False,False,0.0,train
blk_-8629858097275432982,False,False,0.0,train
blk_-389500634407681557,False,False,0.0,train
blk_3387011579726663387,False,False,0.0,train
blk_3397461137178063981,False,False,0.0,train
blk_3429304266670078423,False,False,0.0,train
blk_3538047667767118153,False,False,0.0,train
blk_-239640197640673891,False,False,0.0,train
blk_-1054148545512659074,False,False,0.0,train
blk_-3248172079549230801,False,False,0.0,train
blk_9154055702902787937,False,False,0.0,train
blk_6368260720596891131,False,False,0.0,train
blk_-1807532060876835424,False,False,0.0,train
blk_-1188841150645918532,True,True,1.5471,train
blk_1521910042590759357,False,False,0.0,train
blk_6102538515180920828,False,False,0.0,train
blk_8073497224362500334,False,False,0.0,train
blk_6338671125685552396,False,False,0.0,train
blk_5196771709470599582,False,False,0.0,train
blk_-4277954017057613947,False,False,0.0,train
blk_-879068191804015898,False,False,0.0,train
blk_7372871783949066707,False,False,0.0,train
blk_1967005014813766529,False,False,0.0,train
blk_6926838755275669525,False,False,0.0,train
blk_-7852520717082382582,False,False,0.0,train
blk_-5507097109623217427,False,False,0.0,train
blk_8582181734275842017,True,False,0.0,train
blk_-2429622377211767719,False,False,0.0,train
blk_1445658732061331250,False,False,0.0,train
blk_-1812485446084804140,False,False,0.0,train
blk_2279089177181403202,False,False,0.0,train
blk_-3430383623378961819,False,False,0.0,train
blk_8493977832064846799,False,False,0.0,train
blk_-1270082515105714600,False,False,0.0,train
blk_-2647638896521276355,False,False,0.0,train
blk_7344562686205640955,True,True,2.3527,train
blk_-2299586501391716260,False,False,0.0,train
blk_5048701102699754472,False,False,0.0,train
blk_-4854026226994147917,False,False,0.0,train
blk_-7158494403358091217,False,False,0.0,train
blk_439711161289476820,False,False,0.0,train
blk_-1779820502840354868,False,False,0.0,train
blk_8069395198122129369,False,False,0.0,train
blk_-4723260765738298892,False,False,0.0,train
blk_-1435554320101587701,False,False,0.0,train
blk_-4746122274697091934,False,False,0.0,train
blk_-1588416394692834101,False,False,0.0,train
blk_7943691819065962740,False,False,0.0,train
blk_-5180445495399135196,False,False,0.0,train
blk_809602586563834919,True,True,2.3527,train
blk_-918897403331195798,False,False,0.0,train
blk_8833412732262208857,False,False,0.0,train
blk_5757776799179532120,False,False,0.0,train
blk_8751446418791214913,True,False,0.0,train
blk_5568860853037498567,False,False,0.0,train
blk_-3462330313294123285,False,False,0.0,train
blk_-1021295661791866862,False,False,0.0,train
blk_7240325581285437404,False,False,0.0,train
blk_-2239225181584067675,False,False,0.0,train
blk_-7039960360943331636,False,False,0.0,train
blk_-3492634552647786997,False,False,0.0,train
blk_2792250656473584301,False,False,0.0,train
blk_6338630131589286139,False,False,0.0,train
blk_-2724774300002144839,False,False,0.0,train
blk_-2093809867880591681,False,False,0.0,train
blk_5040486050903919751,False,False,0.0,train
blk_3516214544708513038,False,False,0.0,train
blk_-664837544350978527,False,False,0.0,train
blk_-7711338094685217671,False,False,0.0,train
blk_4003740658207746232,False,False,0.0,train
blk_-3530259413165847948,False,False,0.0,train
blk_-3357516003606132687,False,False,0.0,train
blk_1486407992905342928,False,False,0.0,train
blk_1148887522708226311,False,False,0.0,train
blk_-6870738003632139260,False,False,0.0,train
blk_-4783513722916011886,False,False,0.0,train
blk_-8626778248160526630,False,False,0.0,train
blk_-6638796921777445935,False,False,0.0,train
blk_-2505457386282102699,False,False,0.0,train
blk_7028681521087046105,False,False,0.0,train
blk_8209100210953054435,False,False,0.0,train
blk_4826445309129582498,False,False,0.0,train
blk_-5512751839784440730,False,False,0.0,train
blk_1560248710266312953,False,False,0.0,train
blk_-6065091417325740686,False,False,0.0,train
blk_4286819384518294640,False,False,0.0,train
blk_3880351740415040783,False,False,0.0,train
blk_-3451014105359649315,False,False,0.0,train
blk_306096954930761405,False,False,0.0,train
blk_4644059977604289965,False,False,0.0,train
blk_-3081501100575159099,False,False,0.0,train
blk_-8344893000619802896,False,False,0.0,train
blk_7632206180276090575,False,False,0.0,train
blk_3545524982419989700,False,False,0.0,train
blk_-7244076080600145351,False,False,0.0,train
blk_-5361735320872874699,False,False,0.0,train
blk_4854744240826800070,False,False,0.0,train
blk_3140173944515323897,False,False,0.0,train
blk_-107388177638406187,False,False,0.0,train
blk_-2126828884791279123,False,False,0.0,train
blk_4739562355535862751,False,False,0.0,train
blk_8692397667833132956,False,False,0.0,train
blk_3659236404244166020,False,False,0.0,train
blk_6378710655578468973,False,False,0.0,train
blk_-8438784651529123864,False,False,0.0,train
blk_7834522543694883059,True,False,0.0,train
blk_2075287131924469759,False,False,0.0,train
blk_-4409547460242622091,False,False,0.0,train
blk_3295060287126112527,False,False,0.0,train
blk_8049845727733895419,False,False,0.0,train
blk_-4152766882909210815,False,False,0.0,train
blk_2318547663174114285,False,False,0.0,train
blk_1615822705288046163,False,False,0.0,train
blk_-5540391251161467966,False,False,0.0,train
blk_-9079244346781367471,False,False,0.0,train
blk_1898600769879188114,False,False,0.0,train
blk_-5737226399349430530,False,False,0.0,train
blk_7038928576860176920,False,False,0.0,train
blk_7525871989244764336,False,False,0.0,train
blk_-3157158902372770035,False,False,0.0,train
blk_-4189714584903883332,False,False,0.0,train
blk_-3400565509364697857,False,False,0.0,train
blk_-6170696672401592331,False,False,0.0,train
blk_-1948121300178098870,False,False,0.0,train
blk_9071361479217548322,False,False,0.0,train
blk_-1229432126836894879,False,False,0.0,train
blk_-7472366063508392591,False,False,0.0,train
blk_-1022685422644405048,False,False,0.0,train
blk_-2559088816733100345,False,False,0.0,train
blk_1118046750246048535,False,False,0.0,train
blk_-1906977230651816485,False,False,0.0,train
blk_2449956884443255309,False,False,0.0,train
blk_-7870279890014693181,False,False,0.0,train
blk_1499297865809700373,False,False,0.0,train
blk_-5175412865510306919,False,False,0.0,train
blk_-8645050211053376576,False,False,0.0,train
blk_116439114650155937,False,False,0.0,train
blk_-1621026459410331929,False,False,0.0,train
blk_-2385300193567872472,False,False,0.0,train
blk_-5274205450897351136,False,False,0.0,train
blk_1538065822629683593,False,False,0.0,train
blk_48904614136878510,False,False,0.0,train
blk_-2540617475445747336,False,False,0.0,train
blk_7424641607497895423,False,False,0.0,train
blk_6385357684245748623,False,False,0.0,train
blk_-5672291941384562786,False,False,0.0,train
blk_-670780630234265610,False,False,0.0,train
blk_7279262967786525145,False,False,0.0,train
blk_-1609553105386135003,False,False,0.0,train
blk_1571717617009098890,False,False,0.0,train
blk_-7645366626324063257,False,False,0.0,train
blk_7344607226478980656,False,False,0.0,train
blk_-2808429359005453416,False,False,0.0,train
blk_6866437495408466341,False,False,0.0,train
blk_5832875395380367188,False,False,0.0,train
blk_8102914646678377423,True,True,1.5471,train
blk_-46909428698751129,False,False,0.0,train
blk_-3910664739589618989,False,False,0.0,train
blk_-1532991634565569618,False,False,0.0,train
blk_-675099511515616168,False,False,0.0,train
blk_-8908464734878395294,False,False,0.0,train
blk_3704149655509536060,False,False,0.0,train
blk_6749875368376774840,False,False,0.0,train
blk_-2255948639551698043,False,False,0.0,train
blk_38696874328497212,False,False,0.0,train
blk_-1484757980748025773,False,False,0.0,train
blk_-1330444106981027534,False,False,0.0,train
blk_6970777754198889566,False,False,0.0,train
blk_5929092372724603855,False,False,0.0,train
blk_4429338398514630154,False,False,0.0,train
blk_-8564559053757187153,True,True,1.5471,train
blk_-2813875111451996052,False,False,0.0,train
blk_8565157409636468075,False,False,0.0,train
blk_3408673500876665471,False,False,0.0,train
blk_2176025093603043231,False,False,0.0,train
blk_-8500294440567485289,False,False,0.0,train
blk_-1072611518916520856,False,False,0.0,train
blk_-8980662146658356491,False,False,0.0,train
blk_3066050598240094473,False,False,0.0,train
blk_-958332492042965527,False,False,0.0,train
blk_4136790096884686339,False,False,0.0,train
blk_-4587217127237731914,False,False,0.0,train
blk_-2061092867200869214,False,False,0.0,train
blk_-6487274411859680842,False,False,0.0,train
blk_5997383698584283558,False,False,0.0,train
blk_4292340846237961291,False,False,0.0,train
blk_3958779775128718911,False,False,0.0,train
blk_-2943879986699769327,False,False,0.0,train
blk_-6983834176103005536,False,False,0.0,train
blk_-6562164025419263495,False,False,0.0,train
blk_-3907537745538478527,False,False,0.0,train
blk_1404543469716228628,False,False,0.0,train
blk_6966974918885543720,False,False,0.0,train
blk_8503064308512103640,False,False,0.0,train
blk_-173222885395678637,False,False,0.0,train
blk_5670446276803083774,False,False,0.0,train
blk_-4671241837535878090,False,False,0.0,train
blk_-1918987115345619521,False,False,0.0,train
blk_5020482992403159316,False,False,0.0,train
blk_1736320169098612229,False,False,0.0,train
blk_-4992218855291499353,False,False,0.0,train
blk_-4075499163837453137,False,False,0.0,train
blk_2534634647416062428,False,False,0.0,train
blk_-3947118178407586866,True,True,1.5471,train
blk_-5788737715321519482,False,False,0.0,train
blk_7859981215820637753,False,False,0.0,train
blk_8509328013649051336,True,False,0.0,train
blk_7533569637385995960,False,False,0.0,train
blk_5539035239262509826,False,False,0.0,train
blk_7372783812002037658,False,False,0.0,train
blk_-6018179182413476300,False,False,0.0,train
blk_5601669058330320847,False,False,0.0,train
blk_7232441077105188678,False,False,0.0,train
blk_3000947732958086582,False,False,0.0,train
blk_-9031517211610764321,False,False,0.0,train
blk_6236687718597980422,False,False,0.0,train
blk_3913668650485813026,False,False,0.0,train
blk_6757867992804706754,False,False,0.0,train
blk_-1998790885305318812,False,False,0.0,train
blk_-2581653693275159104,False,False,0.0,train
blk_-2618613639588073189,False,False,0.0,train
blk_-8447241479860448717,False,False,0.0,train
blk_-4836535143422514431,False,False,0.0,train
blk_-1151041976672515185,False,False,0.0,train
blk_-1465623634849627595,False,False,0.0,train
blk_7194527241876278486,False,False,0.0,train
blk_8826526822605082135,False,False,0.0,train
blk_8196467136610832358,False,False,0.0,train
blk_3000567268777911759,False,False,0.0,train
blk_-2884621438931256888,False,False,0.0,train
blk_8393318276325241147,False,False,0.0,train
blk_2876173684358275226,False,False,0.0,train
blk_2966706376939791504,False,False,0.0,train
blk_2689731345706523393,False,False,0.0,train
blk_9040791865370476433,True,False,0.0,train
blk_8937623489574751999,False,False,0.0,train
blk_-1242892805065952068,False,False,0.0,train
blk_6418532963907372075,False,False,0.0,train
blk_2156359517407722113,False,False,0.0,train
blk_6290146433997786884,False,False,0.0,train
blk_-8067200645183834242,False,False,0.0,train
blk_3447884879668134874,True,True,1.5471,train
blk_417977351420382061,False,False,0.0,train
blk_-8771796687639378044,False,False,0.0,train
blk_-4185061721519070490,False,False,0.0,train
blk_-4104209819212041472,False,False,0.0,train
blk_572492839287299681,False,False,0.0,train
blk_361876524072975725,False,False,0.0,train
blk_-912991560999982812,False,False,0.0,train
blk_-1229020685155218435,False,False,0.0,train
blk_1535928017662967851,False,False,0.0,train
blk_-6426607678415262625,False,False,0.0,train
blk_6355762466796366168,False,False,0.0,train
blk_6880779259564904794,False,False,0.0,train
blk_3854421999615170213,False,False,0.0,train
blk_512822104333920623,False,False,0.0,train
blk_7114242629954979387,False,False,0.0,train
blk_8541634601829028427,False,False,0.0,train
blk_-2482043878817827969,False,False,0.0,train
blk_6003653844814467909,False,False,0.0,train
blk_9099453998256401904,False,False,0.0,train
blk_681293588384845,False,False,0.0,train
blk_-7430595320512999486,False,False,0.0,train
blk_-8287899980976827003,False,False,0.0,train
blk_7813615865800609642,True,True,2.3527,train
blk_6149935510775781915,False,False,0.0,train
blk_-8424175527661449833,False,False,0.0,train
blk_2252194640479290775,False,False,0.0,train
blk_3043895754678790805,False,False,0.0,train
blk_529985802675891432,False,False,0.0,train
blk_7517188169547521923,False,False,0.0,train
blk_2881374652711667865,False,False,0.0,train
blk_7471290095193847707,False,False,0.0,train
blk_3768302169177017478,False,False,0.0,train
blk_-1977013704050537033,False,False,0.0,train
blk_-7789817075872591116,False,False,0.0,train
blk_-6507819547873232828,False,False,0.0,train
blk_6584297972159613920,False,False,0.0,train
blk_494205539555664975,False,False,0.0,train
blk_5447159055488794066,False,False,0.0,train
blk_4550026795483082017,False,False,0.0,train
blk_409102270150093466,False,False,0.0,train
blk_-8800492778789052106,False,False,0.0,train
blk_4793955928025640724,False,False,0.0,train
blk_2532626640411950054,False,False,0.0,train
blk_-7981936966289431785,True,True,2.3527,train
blk_-6928365798623172748,False,False,0.0,train
blk_-423065043106849758,True,False,0.0,train
blk_4194286967577370961,False,False,0.0,train
blk_8582970738191859541,True,False,0.0,train
blk_2619063577587204946,False,False,0.0,train
blk_-8785055329884082038,False,False,0.0,train
blk_-3576371630945130524,False,False,0.0,train
blk_-1241886694033953371,False,False,0.0,train
blk_-356995632273830191,False,False,0.0,train
blk_-5621432445756169363,False,False,0.0,train
blk_4482669520729468097,False,False,0.0,train
blk_-4888758808573454999,False,False,0.0,train
blk_1295982099994946948,False,False,0.0,train
blk_-5643325559115469874,False,False,0.0,train
blk_4856298001454090712,False,False,0.0,train
blk_-4279274758508121522,False,False,0.0,train
blk_1503005133335451704,False,False,0.0,train
blk_-6239503654626724345,False,False,0.0,train
blk_9128792990996245527,False,False,0.0,train
blk_1796667895057111863,False,False,0.0,train
blk_5175976382442662653,False,False,0.0,train
blk_5853202594500111668,False,False,0.0,train
blk_-6089475705130745409,False,False,0.0,train
blk_311676128477262942,False,False,0.0,train
blk_2602462861299844023,False,False,0.0,train
blk_6465755671587479432,False,False,0.0,train
blk_9188832735514090334,False,False,0.0,train
blk_9160432341202016108,False,False,0.0,train
blk_-5580142955922147391,False,False,0.0,train
blk_-9193914491058218505,False,False,0.0,train
blk_4461277539810231450,False,False,0.0,train
blk_-1843399038682748606,False,False,0.0,train
blk_8330478536110405061,True,False,0.0,train
blk_8220026371042394185,False,False,0.0,train
blk_-396262485093376018,False,False,0.0,train
blk_3880267846403440188,False,False,0.0,train
blk_-1713313771215842424,False,False,0.0,train
blk_-8366822625594202899,False,False,0.0,train
blk_-170440329302183403,False,False,0.0,train
blk_4146298155017434629,False,False,0.0,train
blk_-6316541230147720242,False,False,0.0,train
blk_-6600217829830043111,False,False,0.0,train
blk_713858538326428,False,False,0.0,train
blk_-5866708805390929669,False,False,0.0,train
blk_9076586746603428805,False,False,0.0,train
blk_7016031282273563296,False,False,0.0,train
blk_1117409781035929217,False,False,0.0,train
blk_-205592854214996040,False,False,0.0,train
blk_-3485739706870275513,True,True,2.3527,train
blk_8822775702627284108,True,False,0.0,train
blk_-6159907182063122989,False,False,0.0,train
blk_6779192487924432766,False,False,0.0,train
blk_108238763213779107,False,False,0.0,train
blk_-511058354155453697,True,False,0.0,train
blk_6038060768957573317,False,False,0.0,train
blk_-7799890073352114272,False,False,0.0,train
blk_-8505896543219042411,False,False,0.0,train
blk_1059513250301924436,False,False,0.0,train
blk_-5489676646028549706,False,False,0.0,train
blk_1101115409585413634,False,False,0.0,train
blk_-8903362116557314609,False,False,0.0,train
blk_6178614022032189490,False,False,0.0,train
blk_-5421648204866853671,False,False,0.0,train
blk_3457640083021197966,False,False,0.0,train
blk_218429316741958508,False,False,0.0,train
blk_7247346047876918722,False,False,0.0,train
blk_-3954358970228314781,False,False,0.0,train
blk_-7223786927360280465,False,False,0.0,train
blk_-3605382368094968011,False,False,0.0,train
blk_-5225721685141823386,False,False,0.0,train
blk_-8570601166187076876,False,False,0.0,test
blk_1756587056925384836,False,False,0.0,test
blk_4927383458536835590,False,False,0.0,test
blk_7560892566238551230,False,False,0.0,test
blk_-5437912913711861275,False,False,0.0,test
blk_307959911761882621,False,False,0.0,test
blk_6490271976004030139,False,False,0.0,test
blk_6465735162476328541,False,False,0.0,test
blk_4873990563144383263,False,False,0.0,test
blk_7440663988317009685,False,False,0.0,test
blk_-5206016481410345897,False,False,0.0,test
blk_4900497596760202306,False,False,0.0,test
blk_7771154307013959700,False,False,0.0,test
blk_-6300535047327763733,False,False,0.0,test
blk_-6482495482715599316,False,False,0.0,test
blk_8902943575909966176,False,False,0.0,test
blk_-5306675687737102970,False,False,0.0,test
blk_-4834817835850446362,False,False,0.0,test
blk_1698887568525480225,False,False,0.0,test
blk_3269228174931627093,False,False,0.0,test
blk_3240210533909340791,False,False,0.0,test
blk_1280274285618567002,False,False,0.0,test
blk_2405592507120633600,False,False,0.0,test
blk_-1391343368111388853,False,False,0.0,test
blk_-6659810844488529949,False,False,0.0,test
blk_4469002948506964492,False,False,0.0,test
blk_1249041466976382567,False,False,0.0,test
blk_7633187760428882183,False,False,0.0,test
blk_-5490592414588200437,False,False,0.0,test
blk_-3039895800555999558,False,False,0.0,test
blk_3492331367071934407,False,False,0.0,test
blk_-1929086323247217417,False,False,0.0,test
blk_-5269510168508833275,False,False,0.0,test
blk_2338413164935181171,False,False,0.0,test
blk_989409441141247289,True,False,0.0,test
blk_-2573556583460598593,False,False,0.0,test
blk_2171023052713546029,False,False,0.0,test
blk_-6335313764190768301,False,False,0.0,test
blk_1030548156639115068,False,False,0.0,test
blk_-6470267566641192424,False,False,0.0,test
blk_4863450817690065348,False,False,0.0,test
blk_1515731164581045470,False,False,0.0,test
blk_-323872062856910355,False,False,0.0,test
blk_-171369910704040079,False,False,0.0,test
blk_1212228861053811613,False,False,0.0,test
blk_-6125772142228576813,False,False,0.0,test
blk_6317110808675560156,False,False,0.0,test
blk_-5445020620913205248,False,False,0.0,test
blk_6244342553751895522,False,False,0.0,test
blk_-4123111559459497165,False,False,0.0,test
blk_2273766301950881748,False,False,0.0,test
blk_1330869358163411698,False,False,0.0,test
blk_2477027010293834909,False,False,0.0,test
blk_4070966508987670126,False,False,0.0,test
blk_4717551801108381726,False,False,0.0,test
blk_7749492886768619129,False,False,0.0,test
blk_28250440300573158,False,False,0.0,test
blk_-6080061073236118262,False,False,0.0,test
blk_570342545168715163,False,False,0.0,test
blk_2726205643371710464,False,False,0.0,test
blk_-4190300845428719166,False,False,0.0,test
blk_6405183779726994697,False,False,0.0,test
blk_-147449672078508417,False,False,0.0,test
blk_4522191823005651599,False,False,0.0,test
blk_-5945758309607204396,False,False,0.0,test
blk_-1840492581124336980,False,False,0.0,test
blk_3207545031261618191,False,False,0.0,test
blk_5740425388263645134,False,False,0.0,test
blk_6899916593243144842,False,False,0.0,test
blk_2536478878729231599,False,False,0.0,test
blk_-3013587629431185482,False,False,0.0,test
blk_-2470033743022838143,False,False,0.0,test
blk_-5879402729971496138,False,False,0.0,test
blk_-7929417154317135474,False,False,0.0,test
blk_-5634020545185636927,False,False,0.0,test
blk_8347651936951658272,False,False,0.0,test
blk_-2458726717499219368,True,False,0.0,test
blk_-8880424472855904136,False,False,0.0,test
blk_7743749028469952111,False,False,0.0,test
blk_-7277444924824785111,False,False,0.0,test
blk_-3929492152282922030,False,False,0.0,test
blk_5587385054315395133,False,False,0.0,test
blk_-1749268904274563044,False,False,0.0,test
blk_-7284921859857431439,False,False,0.0,test
blk_-3926049719238990534,False,False,0.0,test
blk_2475505442215319568,False,False,0.0,test
blk_-2774240252320238470,False,False,0.0,test
blk_-5584698241730886303,False,False,0.0,test
blk_5524829639453734831,False,False,0.0,test
blk_-2440124636049091991,False,False,0.0,test
blk_8592983560257358579,True,True,1.5471,test
blk_-5060201349742304844,False,False,0.0,test
blk_2950027591334363799,False,False,0.0,test
blk_-1934515666151639119,False,False,0.0,test
blk_7775703395393605750,True,False,0.0,test
blk_3200463157056145858,False,False,0.0,test
blk_-4180108783856596632,False,False,0.0,test
blk_-8100416950818326855,False,False,0.0,test
blk_-2614115634909599782,False,False,0.0,test
blk_-8851511250189902733,False,False,0.0,test
blk_7570856976638787439,False,False,0.0,test
blk_-3104064234432341835,False,False,0.0,test
blk_-8592783146128373201,True,False,0.0,test
blk_4936665742289859918,False,False,0.0,test
blk_4150273461823187768,False,False,0.0,test
blk_122011492334559423,False,False,0.0,test
blk_-2993342414555372175,False,False,0.0,test
blk_4615214238992239411,False,False,0.0,test
blk_8103019438070725587,False,False,0.0,test
blk_-8462265999861166566,False,False,0.0,test
blk_3670803779987234348,False,False,0.0,test
blk_-2653942231695925825,False,False,0.0,test
blk_-1073658650439608978,False,False,0.0,test
blk_-3653178726023139008,False,False,0.0,test
blk_-2957036262436157724,False,False,0.0,test
blk_3547539854924925182,False,False,0.0,test
blk_-2314558707930818777,False,False,0.0,test
blk_6091077168298673813,False,False,0.0,test
blk_-5378462375770825542,False,False,0.0,test
blk_7808930095492635609,False,False,0.0,test
blk_6054716446524239011,False,False,0.0,test
blk_1118657918762123273,False,False,0.0,test
blk_7430047493224031494,False,False,0.0,test
blk_7959846212288823481,False,False,0.0,test
blk_7244283182985478972,False,False,0.0,test
blk_-3591581543412877,False,False,0.0,test
blk_-4487039880059728506,False,False,0.0,test
blk_-4907833978005204232,False,False,0.0,test
blk_-5500640834866253989,False,False,0.0,test
blk_-7413308536733935669,False,False,0.0,test
blk_4961970861863065608,True,False,0.0,test
blk_-7533502680482800536,False,False,0.0,test
blk_-7267805835547156640,False,False,0.0,test
blk_2953678244607103101,False,False,0.0,test
blk_918002798831502664,False,False,0.0,test
blk_2245059614641031905,False,False,0.0,test
blk_6223357017498607045,False,False,0.0,test
blk_-3334734659156358944,False,False,0.0,test
blk_5486548893431507190,False,False,0.0,test
blk_4160328598266384329,False,False,0.0,test
blk_-6554673364388000461,False,False,0.0,test
blk_4648691976952974412,False,False,0.0,test
blk_3411963303909210112,False,False,0.0,test
blk_-8279485174128891828,False,False,0.0,test
blk_6006300655294348209,True,True,1.5471,test
blk_-5108413928555263840,False,False,0.0,test
blk_-7600809316407685202,False,False,0.0,test
blk_-84393235173347695,False,False,0.0,test
blk_-7814402160994075644,False,False,0.0,test
blk_5115535582420463172,False,False,0.0,test
blk_5001311204184403671,False,False,0.0,test
blk_146176561040280035,False,False,0.0,test
blk_-5681964061220512576,False,False,0.0,test
blk_8034197598180119962,False,False,0.0,test
blk_678514451956928375,False,False,0.0,test
blk_-6324108399310032667,True,True,2.3527,test
blk_-8526938740958352050,False,False,0.0,test
blk_6812961792451051254,False,False,0.0,test
blk_-1660609842571531924,False,False,0.0,test
blk_-2959962037204356430,False,False,0.0,test
blk_-1785079846932499476,False,False,0.0,test
blk_8734951980956813965,False,False,0.0,test
blk_-3202815894284239804,False,False,0.0,test
blk_-7485395648241816359,False,False,0.0,test
blk_-2569472983190024349,False,False,0.0,test
blk_-151491667485284145,False,False,0.0,test
blk_7509177039390508924,False,False,0.0,test
blk_-2276333835490242920,False,False,0.0,test
blk_4988341319374394758,False,False,0.0,test
blk_-7697594994986026964,False,False,0.0,test
blk_8030146724968738938,False,False,0.0,test
blk_8704159549468901043,False,False,0.0,test
blk_4033560828463719991,False,False,0.0,test
blk_244935215446287198,False,False,0.0,test
blk_-6671834803476056742,False,False,0.0,test
blk_8296299776021758304,False,False,0.0,test
blk_1852325835137640859,False,False,0.0,test
blk_1673820722735702574,False,False,0.0,test
blk_179095082454161233,False,False,0.0,test
blk_-8184281230946956338,False,False,0.0,test
blk_-1720354879507603110,False,False,0.0,test
blk_-133313567901460610,False,False,0.0,test
blk_-6070664960898694501,False,False,0.0,test
blk_757182108452439440,False,False,0.0,test
blk_-6910457673307589970,False,False,0.0,test
blk_-8213344449220111733,True,True,199.4138,test
blk_-6554328954281468313,False,False,0.0,test
blk_-3470788120356144738,False,False,0.0,test
blk_-6464409092778723599,False,False,0.0,test
blk_4682135517607924979,False,False,0.0,test
blk_-6090281062940769385,False,False,0.0,test
blk_-7468210063837100944,False,False,0.0,test
blk_-631446428602356328,False,False,0.0,test
blk_2417481740106877644,False,False,0.0,test
blk_-7999384923561831458,False,False,0.0,test
blk_973986196742181398,False,False,0.0,test
blk_1878302041600188984,False,False,0.0,test
blk_-3621667113706963100,False,False,0.0,test
blk_-7584694057378390385,False,False,0.0,test
blk_6648830847316427041,False,False,0.0,test
blk_-8783005340609052251,False,False,0.0,test
blk_-9156767780050822433,False,False,0.0,test
blk_-4469566233861217013,False,False,0.0,test
blk_-9203207203433266408,True,True,1.5471,test
blk_-260927778086109256,False,False,0.0,test
blk_6082891657761920231,False,False,0.0,test
blk_-1828276231933961674,False,False,0.0,test
blk_-3474411625591830504,False,False,0.0,test
blk_8940898807164927191,False,False,0.0,test
blk_6442203630714237864,False,False,0.0,test
blk_-4269455850074860629,True,True,1.5471,test
blk_-48460618822572759,False,False,0.0,test
blk_8622360973365526185,False,False,0.0,test
blk_8711076503338807333,False,False,0.0,test
blk_5888391308372985167,False,False,0.0,test
blk_7375733124523535321,False,False,0.0,test
blk_7333721524890127921,False,False,0.0,test
blk_-3877205547382472055,False,False,0.0,test
blk_7231313571026913889,False,False,0.0,test
blk_1103903302069232031,True,True,1.5471,test
blk_7119227531626812491,False,False,0.0,test
blk_4408778780912692479,False,False,0.0,test
blk_3432645730501672595,False,False,0.0,test
blk_-7644023362500659137,False,False,0.0,test
blk_-172114636770511507,False,False,0.0,test
blk_1673837014057682342,False,False,0.0,test
blk_7283040781718105945,False,False,0.0,test
blk_4673382894731916941,False,False,0.0,test
blk_-3059860459862831216,False,False,0.0,test
blk_2046418081168782341,False,False,0.0,test
blk_-888401798167352276,False,False,0.0,test
blk_6354933929594936689,False,False,0.0,test
blk_7398144932233894682,False,False,0.0,test
blk_-2066251688095916067,False,False,0.0,test
blk_1573168725717440323,False,False,0.0,test
blk_-3642346196714608853,False,False,0.0,test
blk_1644392100091454817,False,False,0.0,test
blk_-3009375617770940708,False,False,0.0,test
blk_1448428345803347901,False,False,0.0,test
blk_432914675257186652,False,False,0.0,test
blk_8963788215926538759,False,False,0.0,test
blk_8962694150666091598,False,False,0.0,test
blk_5788293648003546096,False,False,0.0,test
blk_-879840374252135313,False,False,0.0,test
blk_3199255761309694245,False,False,0.0,test
blk_-2910364562241308682,False,False,0.0,test
blk_1275043414768647785,False,False,0.0,test
blk_6478972849565462456,False,False,0.0,test
blk_3784500220391629007,False,False,0.0,test
blk_-7390445308007790510,False,False,0.0,test
blk_5506770107889433903,False,False,0.0,test
blk_1746254917534023999,False,False,0.0,test
blk_2812625963450064098,False,False,0.0,test
blk_6731940402208206055,False,False,0.0,test
blk_3196351619274957151,False,False,0.0,test
blk_4478634550859154433,False,False,0.0,test
blk_4039867816363255832,False,False,0.0,test
blk_6514349148097761495,False,False,0.0,test
blk_-2096796428227676745,False,False,0.0,test
blk_-3902270582616985218,False,False,0.0,test
blk_7967063641792746250,False,False,0.0,test
blk_-4657602177420679,False,False,0.0,test
blk_-189568404083604941,False,False,0.0,test
blk_2807750160294481381,False,False,0.0,test
blk_6647495764766512205,False,False,0.0,test
blk_1505710729616382661,False,False,0.0,test
blk_-4360665469249078891,False,False,0.0,test
blk_7542419657643040368,False,False,0.0,test
blk_4512197701067230880,False,False,0.0,test
blk_6549058786197977973,False,False,0.0,test
blk_-5536819987976735224,False,False,0.0,test
blk_7962610305998929412,False,False,0.0,test
blk_-8613891962808834506,False,False,0.0,test
blk_6018819750150193306,False,False,0.0,test
blk_7309531780036009511,False,False,0.0,test
blk_7160413694179039115,False,False,0.0,test
blk_206932925373598202,False,False,0.0,test
blk_4542274300569737311,False,False,0.0,test
blk_-6053814279960041019,False,False,0.0,test
blk_2062305035694776558,False,False,0.0,test
blk_-6249639593838968922,False,False,0.0,test
blk_4645812371956812928,False,False,0.0,test
blk_1162270671320544203,False,False,0.0,test
blk_-3884866761987305354,False,False,0.0,test
blk_1925639506764773206,False,False,0.0,test
blk_-1960237611303055916,False,False,0.0,test
blk_6570423363039012956,False,False,0.0,test
blk_-6281432690805005246,False,False,0.0,test
blk_-1700386442773555742,False,False,0.0,test
blk_-4197519785557339695,False,False,0.0,test
blk_-50592998855094089,True,True,2.3527,test
blk_8379756368999487715,False,False,0.0,test
blk_6016970584388797504,True,True,2.3527,test
blk_-6153326995783351952,False,False,0.0,test
blk_1753165948510403814,False,False,0.0,test
blk_-4497872762934795067,False,False,0.0,test
blk_-1862135311271618948,False,False,0.0,test
blk_3674242246879829605,False,False,0.0,test
blk_-1147402607301770214,False,False,0.0,test
blk_1122192876738076702,False,False,0.0,test
blk_2404177066074922184,False,False,0.0,test
blk_2460648302975398589,False,False,0.0,test
blk_6533872057448316416,False,False,0.0,test
blk_7092309466289088595,False,False,0.0,test
blk_-8176679300522651558,False,False,0.0,test
blk_-7225228732365235358,False,False,0.0,test
blk_8537760559372853304,False,False,0.0,test
blk_-2453385733287325730,False,False,0.0,test
blk_6718706982752127785,False,False,0.0,test
blk_-7236698869542329517,False,False,0.0,test
blk_8403320320515646096,False,False,0.0,test
blk_3512362169149780613,False,False,0.0,test
blk_2611668373645052367,False,False,0.0,test
blk_6952230797247765219,False,False,0.0,test
blk_-1731880471285907991,False,False,0.0,test
blk_5607589699565996881,False,False,0.0,test
blk_-6756270728794405721,False,False,0.0,test
blk_6966506532569536036,False,False,0.0,test
blk_-1900672465288448667,False,False,0.0,test
blk_-3842070622043972712,True,True,9.0,test
blk_4109828612318115830,False,False,0.0,test
blk_6240313732381353659,False,False,0.0,test
blk_-2340163100785356367,False,False,0.0,test
blk_119603041192418163,False,False,0.0,test
blk_5889847213660161498,False,False,0.0,test
blk_-3841397575808151356,False,False,0.0,test
blk_-700532896772564061,False,False,0.0,test
blk_3817344127284460614,False,False,0.0,test
blk_-1231163635211243564,False,False,0.0,test
blk_-7463411867162321738,False,False,0.0,test
blk_-9104096956900903759,False,False,0.0,test
blk_-8301317360624913658,False,False,0.0,test
blk_5454827261565804279,False,False,0.0,test
blk_5311940628079058898,False,False,0.0,test
blk_697125257891768172,False,False,0.0,test
blk_6699288957493112691,False,False,0.0,test
blk_6557982295951058708,False,False,0.0,test
blk_5955217335243326590,False,False,0.0,test
blk_-2909550511862697057,False,False,0.0,test
blk_1787329031921241035,False,False,0.0,test
blk_-7494970925370330849,False,False,0.0,test
blk_-5531137515711614363,False,False,0.0,test
blk_95382717139631438,False,False,0.0,test
blk_-426627774665195806,False,False,0.0,test
blk_-6095040950379613484,False,False,0.0,test
blk_648241283476405437,False,False,0.0,test
blk_-3211480983319713212,False,False,0.0,test
blk_5210496456633020334,False,False,0.0,test
blk_-2751854954233004368,False,False,0.0,test
blk_6505703663224043518,True,True,2.3527,test
blk_5473606912817318448,False,False,0.0,test
blk_8662087958294153,False,False,0.0,test
blk_4870257384093872263,False,False,0.0,test
blk_-8445854396049650367,False,False,0.0,test
blk_3586944211417529660,False,False,0.0,test
blk_4058523588323426384,False,False,0.0,test
blk_-5419066562121588963,False,False,0.0,test
blk_7884629148654671146,False,False,0.0,test
blk_-5581259209536539600,False,False,0.0,test
blk_3239945878166791271,False,False,0.0,test
blk_-7655270968200267964,False,False,0.0,test
blk_977861897641931624,False,False,0.0,test
blk_-1950213019118707264,False,False,0.0,test
blk_-1978936542201604857,False,False,0.0,test
blk_-955478801239043161,False,False,0.0,test
blk_-8984811391785398981,False,False,0.0,test
blk_-3354737622640847244,False,False,0.0,test
blk_-4544912391467775750,False,False,0.0,test
blk_-395939870682499457,False,False,0.0,test
blk_5432972008077267255,False,False,0.0,test
blk_-8485730089058414521,False,False,0.0,test
blk_-5522198817723797808,False,False,0.0,test
blk_-4376370109588014368,False,False,0.0,test
blk_4118495656459949745,False,False,0.0,test
blk_-2619493745754092171,False,False,0.0,test
blk_7012895579753639199,False,False,0.0,test
blk_6966220283790380711,False,False,0.0,test
blk_7140807189080163130,False,False,0.0,test
blk_-167007555433543353,False,False,0.0,test
blk_1303173121900294427,False,False,0.0,test
blk_9186456547395893541,False,False,0.0,test
blk_-4011186385207059546,False,False,0.0,test
blk_7618876970788416480,False,False,0.0,test
blk_7236300619913479353,False,False,0.0,test
blk_-157799554558456902,False,False,0.0,test
blk_-9184480912424884544,False,False,0.0,test
blk_9151243060599553974,False,False,0.0,test
blk_-3311125003506245365,False,False,0.0,test
blk_-6433962241125195158,False,False,0.0,test
blk_8551855429399821498,False,False,0.0,test
blk_6488319953421271780,False,False,0.0,test
blk_-1674235443242948188,False,False,0.0,test
blk_5553118946337311034,False,False,0.0,test
blk_-8458730031695228272,False,False,0.0,test
blk_2870985552884953073,False,False,0.0,test
blk_398512996153927846,False,False,0.0,test
blk_-7106276335165977572,False,False,0.0,test
blk_6833927898512691138,False,False,0.0,test
blk_-6426077969447461692,False,False,0.0,test
blk_1747510154636187257,False,False,0.0,test
blk_-7540806581144467347,False,False,0.0,test
blk_5680450351418423083,False,False,0.0,test
blk_4317420198693624481,False,False,0.0,test
blk_-4646749201964773469,False,False,0.0,test
blk_-8928042739086926985,False,False,0.0,test
blk_-8337586144923229413,False,False,0.0,test
blk_-8717642207600135357,False,False,0.0,test
blk_-8695696219905650430,False,False,0.0,test
blk_1217468793157302403,False,False,0.0,test
blk_-3756945327011922652,False,False,0.0,test
blk_-5215589474245163776,False,False,0.0,test
blk_2876780435130391159,False,False,0.0,test
blk_504221633277844843,False,False,0.0,test
blk_3879896834321203902,False,False,0.0,test
blk_7261870305688461943,False,False,0.0,test
blk_1431594501002453478,False,False,0.0,test
blk_6739005321185259967,False,False,0.0,test
blk_-3982544903962914450,False,False,0.0,test
blk_3728037396918944067,False,False,0.0,test
blk_637429106534713199,False,False,0.0,test
blk_-7633293344802192896,False,False,0.0,test
blk_3408020448138166860,False,False,0.0,test
blk_6725524600461134966,False,False,0.0,test
blk_-4562999979635412166,False,False,0.0,test
blk_8563379551549164419,False,False,0.0,test
blk_657205834399752996,False,False,0.0,test
blk_2206815395636326611,False,False,0.0,test
blk_-8928098988938871935,False,False,0.0,test
blk_-6685340496355260801,False,False,0.0,test
blk_1233618731543206496,False,False,0.0,test
blk_7988284740202271586,False,False,0.0,test
blk_7666390940299188278,False,False,0.0,test
blk_-4112386892632996202,True,True,1.5471,test
blk_-412555782155839255,False,False,0.0,test
blk_-3407135149667589105,False,False,0.0,test
blk_-3394447397083225876,False,False,0.0,test
blk_-5809417901813286157,False,False,0.0,test
blk_242777361652273952,False,False,0.0,test
blk_3190156415838656332,False,False,0.0,test
blk_3883055778606491123,False,False,0.0,test
blk_1741762457948097889,False,False,0.0,test
blk_5930673782113146988,False,False,0.0,test
blk_1475959946638311826,False,False,0.0,test
blk_8058817907505911891,True,False,0.0,test
blk_-258710062075980914,False,False,0.0,test
blk_7386088959517721470,False,False,0.0,test
blk_3372778083169884189,False,False,0.0,test
blk_-1842313945654574356,False,False,0.0,test
blk_130714510972877441,False,False,0.0,test
blk_-6007844035022825157,False,False,0.0,test
blk_4005830823698945744,False,False,0.0,test
blk_-5569887879277355256,False,False,0.0,test
blk_5146089608432900772,False,False,0.0,test
blk_4904549888449498546,False,False,0.0,test
blk_-6655949354717751467,False,False,0.0,test
blk_-2901704989336545389,False,False,0.0,test
blk_5351420384214886427,False,False,0.0,test
blk_8176753742210481335,True,False,0.0,test
blk_5977538983139229874,False,False,0.0,test
blk_-3086103210495452923,False,False,0.0,test
blk_-8166519965040524440,False,False,0.0,test
blk_-2992972664103902905,False,False,0.0,test
blk_-3062332702832480348,False,False,0.0,test
blk_-8370629181517013316,False,False,0.0,test
blk_-3358272278004350222,False,False,0.0,test
blk_7594377512388161755,False,False,0.0,test
blk_3125203591913836063,False,False,0.0,test
blk_6925304255306844952,False,False,0.0,test
blk_5743960674938364861,False,False,0.0,test
blk_911021723972731433,False,False,0.0,test
blk_2756853625056093955,False,False,0.0,test
blk_3335701655378473596,False,False,0.0,test
blk_7576659858098800336,False,False,0.0,test
blk_6923814348312144747,False,False,0.0,test
blk_-2006705113687840361,False,False,0.0,test
blk_-6311592736946970602,False,False,0.0,test
blk_876379407458136172,False,False,0.0,test
blk_-4641698241421847193,False,False,0.0,test
blk_-2174061809264100101,False,False,0.0,test
blk_81512639554823848,False,False,0.0,test
blk_7578577240008252384,True,False,0.0,test
blk_5897599370512505357,False,False,0.0,test
blk_-4627247696359522648,False,False,0.0,test
blk_6529645318353738416,False,False,0.0,test
blk_5108085912717582808,False,False,0.0,test
blk_-998376028317828143,False,False,0.0,test
blk_-991666401655660022,False,False,0.0,test
blk_-9025594092121146745,False,False,0.0,test
blk_445359862083232510,False,False,0.0,test
blk_-967571147946516524,False,False,0.0,test
blk_4552427518473718113,False,False,0.0,test
blk_-147435827474262795,False,False,0.0,test
blk_8486447784128672229,False,False,0.0,test
blk_1307711327562856843,False,False,0.0,test
blk_-467741101810324991,False,False,0.0,test
blk_3686993790966078898,False,False,0.0,test
blk_-9157141413709330885,False,False,0.0,test
blk_-2556803421627723759,False,False,0.0,test
blk_7736363761440015046,False,False,0.0,test
blk_-2779889308374503353,False,False,0.0,test
blk_3748112102465344193,False,False,0.0,test
blk_7906680846384606713,False,False,0.0,test
blk_5291363078589341039,False,False,0.0,test
blk_2492606225926838082,False,False,0.0,test
blk_1898072937838519788,False,False,0.0,test
blk_-398649048366608094,False,False,0.0,test
blk_-5281265918635189393,False,False,0.0,test
blk_-1791553679032194648,False,False,0.0,test
blk_5875491840315188760,False,False,0.0,test
blk_3241365164041421404,False,False,0.0,test
blk_675058464116264650,False,False,0.0,test
blk_-5580451437031311486,False,False,0.0,test
blk_-1753091657843054245,False,False,0.0,test
blk_7620293147900227697,False,False,0.0,test
blk_-1658427929097400972,False,False,0.0,test
blk_594983958703228985,False,False,0.0,test
blk_-675743740678886205,False,False,0.0,test
blk_5933666709225238520,False,False,0.0,test
blk_4857789889401753382,False,False,0.0,test
blk_-8505938588398010217,False,False,0.0,test
blk_1760426454493222179,False,False,0.0,test
blk_5571426545543724809,False,False,0.0,test
blk_-2161661704397256256,False,False,0.0,test
blk_-4789247708495791293,False,False,0.0,test
blk_8873822496262222532,False,False,0.0,test
blk_-4477124278025955382,False,False,0.0,test
blk_-6679496801331520613,False,False,0.0,test
blk_-6845328596108619944,False,False,0.0,test
blk_-6275161523647786393,False,False,0.0,test
blk_6641508673062899132,False,False,0.0,test
blk_-1269588045872227316,False,False,0.0,test
blk_-4568480225615789033,False,False,0.0,test
blk_6267235821990001968,False,False,0.0,test
blk_-7782607804922180120,False,False,0.0,test
blk_-2949112985622361333,False,False,0.0,test
blk_6263807359485750335,False,False,0.0,test
blk_-4326456922360432715,False,False,0.0,test
blk_-5309666076121493535,False,False,0.0,test
blk_5209631199800597969,False,False,0.0,test
blk_3812098456097612223,False,False,0.0,test
blk_-1953003092381030825,False,False,0.0,test
blk_4975511544575504967,False,False,0.0,test
blk_-6699290562255993652,False,False,0.0,test
blk_-7336637332849456698,False,False,0.0,test
blk_3729753784678581131,False,False,0.0,test
blk_-8968885450010164963,False,False,0.0,test
blk_5256218592704553260,False,False,0.0,test
blk_-1785518502781814042,False,False,0.0,test
blk_3432636531507738087,False,False,0.0,test
blk_-8441603392699024562,False,False,0.0,test
blk_-301551005714516158,False,False,0.0,test
blk_-655080501729639035,False,False,0.0,test
blk_1862492250909420225,False,False,0.0,test
blk_7621437832633701631,True,True,9.0,test
blk_-2879817893623258983,False,False,0.0,test
blk_-919439116365725304,True,True,199.4138,test
blk_6078822350487625993,False,False,0.0,test
blk_-5832183201470403012,False,False,0.0,test
blk_7106258437328570279,False,False,0.0,test
blk_-8347259997675833968,False,False,0.0,test
blk_-3135614803440473942,False,False,0.0,test
blk_3819650737109777708,False,False,0.0,test
blk_5647191344005583177,True,True,199.4138,test
blk_4129662457285842128,False,False,0.0,test
blk_-6899869435641005946,False,True,199.4138,test
blk_6623048146559450602,False,False,0.0,test
blk_9144420084130798341,False,False,0.0,test
blk_-6590681032764849608,False,False,0.0,test
blk_-7305090016643184712,False,False,0.0,test
blk_-7266687413530339218,False,False,0.0,test
blk_5409554970799075264,False,False,0.0,test
blk_-4749981571705421050,False,False,0.0,test
blk_-4956574153625060474,False,False,0.0,test
blk_-2975301729148620429,False,False,0.0,test
blk_-1181041466584101467,False,False,0.0,test
blk_-8191677345482862686,True,True,199.4138,test
blk_2863262250641419757,False,False,0.0,test
blk_-7494307562801747993,False,False,0.0,test
blk_-528872243232076201,False,False,0.0,test
blk_-50452591873051665,False,False,0.0,test
blk_1382708393978967270,False,False,0.0,test
blk_-1479086635896706443,False,False,0.0,test
blk_-4412341554114846363,False,False,0.0,test
blk_-8049323531450781652,False,False,0.0,test
blk_6004465235445465625,False,False,0.0,test
blk_-2173595186621361362,False,False,0.0,test
blk_4949062915086537844,False,False,0.0,test
blk_-2584557880005809787,False,False,0.0,test
blk_5472849291585868925,False,False,0.0,test
blk_-2264078505927876485,False,False,0.0,test
blk_2874252973741139786,False,False,0.0,test
blk_-7825099227085901664,False,False,0.0,test
blk_3308500950408432922,False,False,0.0,test
blk_-3546917834020754752,False,False,0.0,test
blk_311864106043125661,False,False,0.0,test
blk_-2398719311811415711,False,False,0.0,test
blk_-7437997032061566955,False,False,0.0,test
blk_3996363617082420983,False,False,0.0,test
blk_7569601494047231606,False,False,0.0,test
blk_2054074571723400761,False,False,0.0,test
blk_-8084244585266756400,False,False,0.0,test
blk_-6338948223783726537,False,False,0.0,test
blk_7128870836002400799,False,False,0.0,test
blk_6721144806583333720,False,False,0.0,test
blk_-551744973552325002,False,False,0.0,test
blk_3284954784182433335,False,False,0.0,test
blk_88022351003793769,False,False,0.0,test
blk_-7643871829810761158,False,False,0.0,test
blk_568875424493141182,False,False,0.0,test
blk_3065730523128255672,False,False,0.0,test
blk_-5729788811588493712,False,False,0.0,test
blk_9080818721677508829,False,False,0.0,test
blk_-6031314486011076449,False,False,0.0,test
blk_7220768683357423812,False,False,0.0,test
blk_-6868760186451944798,False,False,0.0,test
blk_-8864143747079078715,False,False,0.0,test
blk_6818440901137572579,False,False,0.0,test
blk_8046547344473355496,False,False,0.0,test
blk_6849857882518529798,False,False,0.0,test
blk_849752880203147509,False,False,0.0,test
blk_-8769497468557346233,False,False,0.0,test
blk_-2733548554332431664,False,False,0.0,test
blk_4309259507521902288,False,False,0.0,test
blk_-461432864410448397,False,False,0.0,test
blk_2451459549444249715,False,False,0.0,test
blk_925677591808296536,False,False,0.0,test
blk_-7081766963255445429,False,False,0.0,test
blk_-306067078646470836,False,False,0.0,test
blk_2972981018319909216,False,False,0.0,test
blk_-3520084839169256607,False,False,0.0,test
blk_4005741457912830667,False,False,0.0,test
blk_-5178775864871839043,False,False,0.0,test
blk_-4272294420325569902,False,False,0.0,test
blk_-1015509325698227016,False,False,0.0,test
blk_8513676298704870848,False,False,0.0,test
blk_6613766408731421319,False,False,0.0,test
blk_-3661508998629499855,False,False,0.0,test
blk_4400744260157673280,False,False,0.0,test
blk_-7167467081392744478,False,False,0.0,test
blk_7612362880760959356,True,False,0.0,test
blk_-1104713250060912755,False,False,0.0,test
blk_-959567249282990997,False,False,0.0,test
blk_5411647211840963868,False,False,0.0,test
blk_-7448813342718602435,False,False,0.0,test
blk_-520547713927059824,False,False,0.0,test
blk_-2456104174510818640,False,False,0.0,test
blk_-2255203625778503514,False,False,0.0,test
blk_5649717037334227925,False,False,0.0,test
blk_5349632003857423503,False,False,0.0,test
blk_-7388879453888147510,False,False,0.0,test
blk_5002577823165214024,False,False,0.0,test
blk_4999471429351777153,False,False,0.0,test
blk_916639975737709142,False,False,0.0,test
blk_2521831999376995742,False,False,0.0,test
blk_3328935969169521553,False,False,0.0,test
blk_4809161365988149255,False,False,0.0,test
blk_-6237593658738241525,False,False,0.0,test
blk_-5541460588071397887,False,False,0.0,test
blk_-1010952805175971965,False,False,0.0,test
blk_9125399145505641642,False,False,0.0,test
blk_18501380964002150,False,False,0.0,test
blk_5810990954530475970,False,False,0.0,test
blk_-6652598982344022022,False,False,0.0,test
blk_-8966627588385966905,False,False,0.0,test
blk_-1496823850093909571,False,False,0.0,test
blk_-4022343795882975716,False,False,0.0,test
blk_-607805518728600769,False,False,0.0,test
blk_-1968452139562405084,False,False,0.0,test
blk_1792991876044097968,False,False,0.0,test
blk_42272674850052706,False,False,0.0,test
blk_-2662417398193586275,True,True,9.0,test
blk_1697409140051186731,False,False,0.0,test
blk_2252970749167447567,False,False,0.0,test
blk_-6411495746271297335,False,False,0.0,test
blk_-3823228766761574707,False,False,0.0,test
blk_5062360493861629071,False,False,0.0,test
blk_5328621589227698160,False,False,0.0,test
blk_8507581906735355147,False,False,0.0,test
blk_-874249131028809257,False,False,0.0,test
blk_5599613948328007836,False,False,0.0,test
blk_5389827440959716311,False,False,0.0,test
blk_8736003013825514414,False,False,0.0,test
blk_5985113275493284527,False,False,0.0,test
blk_-3368065924920649836,False,False,0.0,test
blk_-4895774520130582740,False,False,0.0,test
blk_-6518231741889810890,False,False,0.0,test
blk_7968954673412807407,False,False,0.0,test
blk_-8275798492999332197,False,False,0.0,test
blk_7505178769259945846,False,False,0.0,test
blk_32217865001446032,False,False,0.0,test
blk_-8104567468470686217,False,False,0.0,test
blk_-5353598530270659557,False,False,0.0,test
blk_8713851156214401386,False,False,0.0,test
blk_-5144197893232649060,False,False,0.0,test
blk_973177829692528607,False,False,0.0,test
blk_7576406831384374721,False,False,0.0,test
blk_8466813524771434100,False,False,0.0,test
blk_-7538381211027105930,False,False,0.0,test
blk_-5909117248297356398,False,False,0.0,test
blk_-2906867417583376311,False,False,0.0,test
blk_7590978608459340680,False,False,0.0,test
blk_-7625818757828083399,False,False,0.0,test
blk_-8334308159551789689,False,False,0.0,test
blk_-4771061473622684622,False,False,0.0,test
blk_-5712493754118601324,False,False,0.0,test
blk_-1660683511979983934,False,False,0.0,test
blk_4921637057341051043,False,False,0.0,test
blk_-8900861182856012442,False,False,0.0,test
blk_5161605804706762172,False,False,0.0,test
blk_848674036648252980,False,False,0.0,test
blk_7067516448251997858,False,False,0.0,test
blk_-6693196936087113319,False,False,0.0,test
blk_7083610142476362585,False,False,0.0,test
blk_-3042160072824835394,False,False,0.0,test
blk_2403266597954870284,False,False,0.0,test
blk_-3534476802648797358,False,False,0.0,test
blk_2704819035579055971,False,False,0.0,test
blk_-9060181393874397764,False,False,0.0,test
blk_59617834671728178,False,False,0.0,test
blk_2702341217789063920,False,False,0.0,test
blk_-2347410753546585946,False,False,0.0,test
blk_4973116697829557636,False,False,0.0,test
blk_8666724727822724461,False,False,0.0,test
blk_5176144002632871386,False,False,0.0,test
blk_-8454301208632319389,False,False,0.0,test
blk_7264963676942026632,False,False,0.0,test
blk_3659280757119137958,False,False,0.0,test
blk_610992348025573041,False,False,0.0,test
blk_-3311913607968569002,False,False,0.0,test
blk_-3762400098847444456,False,False,0.0,test
blk_5511205750444734245,False,False,0.0,test
blk_-29266771847962593,False,False,0.0,test
blk_226220671060507399,False,False,0.0,test
blk_20703835714940590,False,False,0.0,test
blk_822777388173650181,False,False,0.0,test
blk_-443520416535021414,False,False,0.0,test
blk_-4626748527833829889,False,False,0.0,test
blk_1872975563837094942,False,False,0.0,test
blk_3587508140051953248,False,False,0.0,test
blk_6259262791748209246,False,False,0.0,test
blk_-4712584287845875396,True,True,1.5471,test
blk_-8137119399804968239,False,False,0.0,test
blk_-3103482188109462270,False,False,0.0,test
blk_-8652624227001554466,False,False,0.0,test
blk_-8823529480175689084,False,False,0.0,test
blk_-913211510500323917,False,False,0.0,test
blk_5686096104071757855,False,False,0.0,test
blk_5424039886703171730,False,False,0.0,test
blk_-4940796717489667317,False,False,0.0,test
blk_4014543783605975747,False,False,0.0,test
blk_9090545532525231875,False,False,0.0,test
blk_-4562976663003447875,False,False,0.0,test
blk_-3644528886079554640,False,False,0.0,test
blk_6258041425699636408,False,False,0.0,test
blk_-6739860488313725269,True,True,199.4138,test
blk_4990607827131648532,False,False,0.0,test
blk_-690831046958521608,False,False,0.0,test
blk_-5532504472673142340,False,False,0.0,test
blk_4562269536966966553,False,False,0.0,test
blk_-4896450703360098581,False,False,0.0,test
blk_8363016904968150625,False,False,0.0,test
blk_65484179986302964,False,False,0.0,test
blk_1957810018500213252,False,False,0.0,test
blk_-1992464007577273754,False,False,0.0,test
blk_-6239147385313467036,False,False,0.0,test
blk_8187029988294081987,False,False,0.0,test
blk_-7007586470894854585,False,True,57.3864,test
blk_-1208016545522371230,False,False,0.0,test
blk_-9209169049124653615,False,False,0.0,test
blk_-181833834765979500,False,False,0.0,test
blk_-7967236894879886146,False,False,0.0,test
blk_-2595578922778763963,False,False,0.0,test
blk_-4472116834952221043,False,False,0.0,test
blk_3584224065406961324,True,True,199.4138,test
blk_7730784436309299541,False,False,0.0,test
blk_-5240104753729197099,False,False,0.0,test
blk_-983568947321734276,False,False,0.0,test
blk_9057284966054544342,False,False,0.0,test
blk_-586580931541617702,False,False,0.0,test
blk_-4996270108887802519,False,False,0.0,test
blk_-4920461517238190230,False,False,0.0,test
blk_7114270763508808030,False,False,0.0,test
blk_4100456095189994619,False,False,0.0,test
blk_2127164413858145276,False,False,0.0,test
blk_-5712041729616979653,False,False,0.0,test
blk_-9119770723833238385,False,False,0.0,test
blk_-6869109743241938944,False,False,0.0,test
blk_4541755964215583128,False,False,0.0,test
blk_6053983875225757371,False,False,0.0,test
blk_1119526787285219674,False,False,0.0,test
blk_7499204241673913046,False,False,0.0,test
blk_8748609602444106276,True,False,0.0,test
blk_7030010339300121364,False,False,0.0,test
blk_-3404255889564738138,False,False,0.0,test
blk_-7057732666118938934,True,True,199.4138,test
blk_8391490706717686739,True,False,0.0,test
blk_3557914126063085372,True,True,199.4138,test
blk_-6878826423934126664,False,False,0.0,test
blk_-4445849221383598845,False,False,0.0,test
blk_8934608358256567071,False,False,0.0,test
blk_1965537234421916248,False,False,0.0,test
blk_487050053159169257,False,False,0.0,test
blk_5223420427815159271,False,False,0.0,test
blk_-1995879756355862795,False,False,0.0,test
blk_-9148589318975943697,False,False,0.0,test
blk_2826429374185306359,False,False,0.0,test
blk_7408671813244021063,False,False,0.0,test
blk_-5925010338303434175,False,False,0.0,test
blk_349284099419601276,True,True,199.4138,test
blk_6941267435205221849,False,False,0.0,test
blk_1503054379682058328,False,False,0.0,test
blk_5046594581703097521,False,False,0.0,test
blk_4949043575590984552,False,False,0.0,test
blk_8349891452072134662,False,False,0.0,test
blk_4446374781949544113,False,False,0.0,test
blk_6584793394007410244,False,False,0.0,test
blk_7405664777614203858,False,False,0.0,test
blk_-1339707336275125602,False,False,0.0,test
blk_-30639162771126691,True,True,1.5471,test
blk_-1383655011140608861,False,False,0.0,test
blk_-9124592111513669575,False,False,0.0,test
blk_-8343743649922399313,False,False,0.0,test
blk_-8655016182785173170,False,False,0.0,test
blk_1363655580287169267,False,False,0.0,test
blk_-2393247522453823115,False,False,0.0,test
blk_-5394584810947689801,False,False,0.0,test
blk_8003937124839424361,False,False,0.0,test
blk_5400510505022039477,False,False,0.0,test
blk_384427106165142485,False,False,0.0,test
blk_-1493499362449208272,False,False,0.0,test
blk_1003413433807348699,False,False,0.0,test
blk_6236915355063039255,False,False,0.0,test
blk_5883508089552451562,False,False,0.0,test
blk_525341458045428675,False,False,0.0,test
blk_3224829760773103495,False,False,0.0,test
blk_-8695143930081084190,False,False,0.0,test
blk_-6320089668124629180,False,False,0.0,test
blk_5960592431340524983,False,False,0.0,test
blk_-2236898947770113184,False,False,0.0,test
blk_4674790141225407554,False,False,0.0,test
blk_2485893823757522019,False,False,0.0,test
blk_8261832967088671282,False,False,0.0,test
blk_-6759122055316252952,False,False,0.0,test
blk_4934768759932331518,False,False,0.0,test
blk_7932082564461777897,False,False,0.0,test
blk_-7110669822120875903,False,False,0.0,test
blk_-6734887395992512785,False,False,0.0,test
blk_6044954869843337251,False,False,0.0,test
blk_-1372830148554816378,False,False,0.0,test
blk_-9028740720370006806,False,False,0.0,test
blk_1341623608879513996,False,False,0.0,test
blk_-5018245029025129506,False,False,0.0,test
blk_1428543629518350645,False,False,0.0,test
blk_-2711226281981814510,False,False,0.0,test
blk_-8165730668176087393,False,False,0.0,test
blk_-4312794028983666785,False,False,0.0,test
blk_8655585281099379564,False,False,0.0,test
blk_-2709217961554360908,False,False,0.0,test
blk_8323999019165316079,False,False,0.0,test
blk_-6878551473428353417,False,False,0.0,test
blk_3571881076916459353,False,False,0.0,test
blk_675371788165370471,False,False,0.0,test
blk_2595863209220896080,False,False,0.0,test
blk_-536603960367232629,False,False,0.0,test
blk_-8750798747980844945,False,False,0.0,test
blk_-3994810536616256637,False,False,0.0,test
blk_-130189323976196117,False,False,0.0,test
blk_-5131391941961294872,False,False,0.0,test
blk_5591924143486095308,False,False,0.0,test
blk_-9110572193380451360,False,False,0.0,test
blk_-8467352603867399507,False,False,0.0,test
blk_-5282133899083548016,False,False,0.0,test
blk_-496381166358003575,False,False,0.0,test
blk_7640222127893063070,False,False,0.0,test
blk_5402003568334525940,False,False,0.0,test
blk_-7981821421646567688,False,False,0.0,test
blk_2207414845570239472,False,False,0.0,test
blk_5434901221809724677,False,False,0.0,test
blk_2517083357200118775,False,False,0.0,test
blk_8258196386210627110,False,False,0.0,test
blk_4356667732178060953,True,True,1.5471,test
blk_-6071571624406186450,False,False,0.0,test
blk_3341494597358764948,False,False,0.0,test
blk_7869301314980222762,False,False,0.0,test
blk_-3071554315129153051,False,False,0.0,test
blk_-8526195439444950322,False,False,0.0,test
blk_7231490463136154050,True,True,2.3527,test
blk_-6197099731384832243,False,False,0.0,test
blk_-3737633139679425125,False,False,0.0,test
blk_-6816996897683116564,False,False,0.0,test
blk_-5236776256449358250,False,False,0.0,test
blk_5442950598953312509,False,False,0.0,test
blk_8938338692959143642,True,False,0.0,test
blk_-4946730918876610699,False,False,0.0,test
blk_731407488150728034,False,False,0.0,test
blk_-2744324654444921283,False,False,0.0,test
blk_-7887977429342726739,False,False,0.0,test
blk_5852966685455656568,False,False,0.0,test
blk_-6767581365089148661,False,False,0.0,test
blk_157748628134889855,False,False,0.0,test
blk_4999559280756381970,False,False,0.0,test
blk_3156475855090719535,False,False,0.0,test
blk_3526914316238519083,False,False,0.0,test
blk_-8251638838832690863,False,False,0.0,test
blk_271651136994946938,False,False,0.0,test
blk_101222688392626201,False,False,0.0,test
blk_306485906342099083,False,False,0.0,test
blk_-5216703126744385212,False,False,0.0,test
blk_-5410886886439711883,True,True,199.4138,test
blk_8371328671435626836,False,False,0.0,test
blk_7839411407620154590,False,False,0.0,test
blk_3695295309637249162,False,False,0.0,test
blk_-4412602471458957001,False,False,0.0,test
blk_2772524132537029840,False,False,0.0,test
blk_-840858464883041555,False,False,0.0,test
blk_-5018376415641730701,False,False,0.0,test
blk_3844292022306268975,True,True,1.5471,test
blk_2142839164684814869,False,False,0.0,test
blk_-8368174017205331935,False,False,0.0,test
blk_3194583469125562459,False,False,0.0,test
blk_4596119244487503627,False,False,0.0,test
blk_979652604320139545,False,False,0.0,test
blk_-2445359752203116818,False,False,0.0,test
blk_7101623169170130680,False,False,0.0,test
blk_1000969692948683554,False,False,0.0,test
blk_3668233034123754242,False,False,0.0,test
blk_-1559224456711823482,False,False,0.0,test
blk_-677668744673644169,False,False,0.0,test
blk_-8482684146293380365,False,False,0.0,test
blk_8998693796120906563,False,False,0.0,test
blk_4155224788709094060,False,False,0.0,test
blk_-109207286037245271,False,False,0.0,test
blk_-2434649700528222291,False,False,0.0,test
blk_-7985014398061600196,False,False,0.0,test
blk_2524451970344047075,False,False,0.0,test
blk_3575939623321470586,False,False,0.0,test
blk_4423345706301727309,False,False,0.0,test
blk_2893769327037940215,False,False,0.0,test
blk_-4525245982723327945,False,False,0.0,test
blk_-2020481106886856449,False,False,0.0,test
blk_-8643736388604446359,False,False,0.0,test
blk_-5881602875801636780,False,False,0.0,test
blk_5463099606755053815,False,False,0.0,test
blk_3823929119598902349,False,False,0.0,test
blk_-3364190710707426032,False,False,0.0,test
blk_8960805863994017009,False,False,0.0,test
blk_6532639697947640061,False,False,0.0,test
blk_-2613121241798056151,False,False,0.0,test
blk_8980085651291752346,False,False,0.0,test
blk_-3154001868332857129,False,False,0.0,test
blk_3925813795027887033,False,False,0.0,test
blk_-7838455996352865920,False,False,0.0,test
blk_-7453224067547839147,False,False,0.0,test
blk_7549165361214777655,False,False,0.0,test
blk_271745319033279389,True,True,1.5471,test
blk_764772179646317871,False,False,0.0,test
blk_3023267064905060531,False,False,0.0,test
blk_3214514225288957957,False,False,0.0,test
blk_9073591520339130159,False,False,0.0,test
blk_4676867920898758978,False,False,0.0,test
blk_2430161072113151611,False,False,0.0,test
blk_1655930587486216819,False,False,0.0,test
blk_-324712243634221369,False,False,0.0,test
blk_-4291018901204219562,False,False,0.0,test
blk_-8192363111371665595,False,False,0.0,test
blk_8653247699991766308,False,False,0.0,test
blk_-8608809062508136890,False,False,0.0,test
blk_5934247774713367667,False,False,0.0,test
blk_-625797759579904937,False,False,0.0,test
blk_-467123324857760517,False,False,0.0,test
blk_-2219986385659007103,False,False,0.0,test
blk_324659634114615254,False,False,0.0,test
blk_7640340810451079944,False,False,0.0,test
blk_1880836824000738109,False,False,0.0,test
blk_3016150602989834728,False,False,0.0,test
blk_-365567714850362233,False,False,0.0,test
blk_-5201783623750325256,False,False,0.0,test
blk_-4534937866226273600,False,False,0.0,test
blk_-8233910669461726680,False,False,0.0,test
blk_2371750343408478970,False,False,0.0,test
blk_7313118345954758601,False,False,0.0,test
blk_-8891122231829271344,False,False,0.0,test
blk_3959671031652318200,False,False,0.0,test
blk_5355529596509496401,False,False,0.0,test
blk_5662830693955084776,False,False,0.0,test
blk_3241169535803899866,False,False,0.0,test
blk_-809541068384236132,False,False,0.0,test
blk_1349321889150708029,False,False,0.0,test
blk_-1500544430627392884,False,False,0.0,test
blk_-4226754078962172063,False,False,0.0,test
blk_5931836336134211131,False,False,0.0,test
blk_8367050868814263035,True,False,0.0,test
blk_-4315926348098645457,False,False,0.0,test
blk_4036385280165622213,False,False,0.0,test
blk_2917263308846129750,False,False,0.0,test
blk_7036550694329612819,False,False,0.0,test
blk_4479353291413678417,False,False,0.0,test
blk_1262325586057430391,False,False,0.0,test
blk_917488893281286892,False,False,0.0,test
blk_-1309185540243287010,False,False,0.0,test
blk_-5359779906425465341,False,False,0.0,test
blk_-2254889218883301362,False,False,0.0,test
blk_-9151618305205243966,False,False,0.0,test
blk_4767048603814348016,False,False,0.0,test
blk_-3408448217610172593,False,False,0.0,test
blk_-4669515258197077861,False,False,0.0,test
blk_745811914260469848,False,False,0.0,test
blk_5325692556778253782,True,True,2.3527,test
blk_7790159378219224326,False,False,0.0,test
blk_514667834505488637,False,False,0.0,test
blk_5226989030815972852,False,False,0.0,test
blk_2357389191881008726,False,False,0.0,test
blk_-6112175451181035717,False,False,0.0,test
blk_-7626998954186057174,False,False,0.0,test
blk_1709621310078105781,False,False,0.0,test
blk_-389279434877246435,False,False,0.0,test
blk_339952408528160217,False,False,0.0,test
blk_9210566320535633949,False,False,0.0,test
blk_6778002597299294703,False,False,0.0,test
blk_-1015291919896450721,False,False,0.0,test
blk_2559097127603849361,False,False,0.0,test
blk_-7060120609216669437,False,False,0.0,test
blk_-6983269080690184035,False,False,0.0,test
blk_2072343575707353334,False,False,0.0,test
blk_8838837797955603502,True,False,0.0,test
blk_-3436549335889744100,True,True,1.5471,test
blk_-2398877615954384915,False,False,0.0,test
blk_9177041184367216771,False,False,0.0,test
blk_-1597249921068575545,True,True,199.4138,test
blk_6585714288434497559,False,False,0.0,test
blk_7685924775087131441,False,False,0.0,test
blk_9180507374006159983,False,False,0.0,test
blk_-7254347475022530749,False,False,0.0,test
blk_-2714336017624043483,False,False,0.0,test
blk_5960771976177342567,False,False,0.0,test
blk_52770078889658041,False,False,0.0,test
blk_7778598905183370606,False,False,0.0,test
blk_31951958795421993,False,False,0.0,test
blk_-6213416666354064534,False,False,0.0,test
blk_-8221552527418280700,False,False,0.0,test
blk_909610821887174998,False,False,0.0,test
blk_3190630616155871009,False,False,0.0,test
blk_-3571268340558317883,False,False,0.0,test
blk_-4304326910587241051,True,True,199.1741,test
blk_105096534127751529,False,False,0.0,test
blk_963943109656756927,False,False,0.0,test
blk_-722564071268939500,False,False,0.0,test
blk_7080763494415521643,False,False,0.0,test
blk_7079302364623318650,False,False,0.0,test
blk_-2246119981944307355,False,False,0.0,test
blk_6624521652892342615,False,False,0.0,test
blk_4914826883933611840,False,False,0.0,test
blk_-6711588160319856990,False,False,0.0,test
blk_7248396360567926058,False,False,0.0,test
blk_4668323240199387413,False,False,0.0,test
blk_-86536490425027391,True,True,2.3527,test
blk_8042576029183742987,False,False,0.0,test
blk_6313135797278803025,False,False,0.0,test
blk_-2680398683147144673,False,False,0.0,test
blk_-1868424882405585602,False,False,0.0,test
blk_469131034673797968,False,False,0.0,test
blk_-3224822179901486792,False,False,0.0,test
blk_-212890988175319355,False,False,0.0,test
blk_3658306168465702518,False,False,0.0,test
blk_9005658454719686177,False,False,0.0,test
blk_5656421217635472446,False,False,0.0,test
blk_64970812136073493,False,False,0.0,test
blk_-7120398620787790285,False,False,0.0,test
blk_6796934014966262243,False,False,0.0,test
blk_1110783471702552247,False,False,0.0,test
blk_2981837002008180817,False,False,0.0,test
blk_1739470460470767969,False,False,0.0,test
blk_7011051644597387249,False,False,0.0,test
blk_-4934268380307195279,False,False,0.0,test
blk_2461345207111239891,False,False,0.0,test
blk_-8010061840883024074,False,False,0.0,test
blk_3844581002541250978,False,False,0.0,test
blk_3353070643273908324,False,False,0.0,test
blk_-1705879228668774407,False,False,0.0,test
blk_8175367292689811253,False,False,0.0,test
blk_5618072692030317588,False,False,0.0,test
blk_-7129287510570290057,False,False,0.0,test
blk_2126535504390347633,False,False,0.0,test
blk_-7513516068057642034,False,False,0.0,test
blk_2134157763643412422,False,False,0.0,test
blk_277352502621262604,False,False,0.0,test
blk_1676290170731785546,False,False,0.0,test
blk_2564725747679085830,False,False,0.0,test
blk_-1405714014350296935,False,False,0.0,test
blk_7877047493235460526,False,False,0.0,test
blk_-8467233408541988146,False,False,0.0,test
blk_8525199544113225200,False,False,0.0,test
blk_4984175644948804390,False,False,0.0,test
blk_4283809515924186979,False,False,0.0,test
blk_-3731196071527735383,False,False,0.0,test
blk_4653697034349853911,False,False,0.0,test
blk_-5583883323182691458,False,False,0.0,test
blk_-6570610170018725167,False,False,0.0,test
blk_5326227143352829016,False,False,0.0,test
blk_4915649902016863264,False,False,0.0,test
blk_667427018545818873,False,False,0.0,test
blk_1753634117108534953,False,False,0.0,test
blk_-7675344707065631132,False,False,0.0,test
blk_5782764851318323051,False,False,0.0,test
blk_-7776748408435319146,False,False,0.0,test
blk_4759550070029019391,False,False,0.0,test
blk_-5567562672357984298,False,False,0.0,test
blk_8919097447099631937,False,False,0.0,test
blk_-6827740117183146069,False,False,0.0,test
blk_-8913212800740405357,False,False,0.0,test
blk_4656025045942557631,False,False,0.0,test
blk_-3940512578737709482,False,False,0.0,test
blk_-3677454271482657138,False,False,0.0,test
blk_5720837068561402796,False,False,0.0,test
blk_-8205398288690982881,False,False,0.0,test
blk_-4334508725444081575,False,False,0.0,test
blk_6116097409145768469,False,False,0.0,test
blk_-370706451833135217,False,False,0.0,test
blk_6487848144431181049,False,False,0.0,test
blk_2504834609764063665,False,False,0.0,test
blk_-1914775113205140161,False,False,0.0,test
blk_-3577557511417936570,False,False,0.0,test
blk_-3049871767182629232,False,False,0.0,test
blk_-6313509556463650370,False,False,0.0,test
blk_6641608796019290641,False,False,0.0,test
blk_8492663237969712909,False,False,0.0,test
blk_-4512758397673589327,False,False,0.0,test
blk_-3238294516339750644,False,False,0.0,test
blk_5769072448605493940,False,False,0.0,test
blk_5061030920603589271,False,False,0.0,test
blk_472362021236123041,False,False,0.0,test
blk_7745330378458307842,True,True,1.5471,test
blk_8774192762051411232,False,False,0.0,test
blk_-4910085147237464741,False,False,0.0,test
blk_1523008744909811100,False,False,0.0,test
blk_-1447000037852066676,False,False,0.0,test
blk_-4126617039481295177,False,False,0.0,test
blk_-5935333235181631645,False,False,0.0,test
blk_-4654140879989253628,False,False,0.0,test
blk_-5073312647851828041,False,False,0.0,test
blk_-5519259383711660348,False,False,0.0,test
blk_4849731491673048025,False,False,0.0,test
blk_8180862996577386823,False,False,0.0,test
blk_6401868244401839366,False,False,0.0,test
blk_-8928239357936099213,False,False,0.0,test
blk_-4473145206937794788,False,False,0.0,test
blk_6251091593417541695,False,False,0.0,test
blk_8156625520835099544,False,False,0.0,test
blk_5836499746025951262,False,False,0.0,test
blk_6382316796747092374,False,False,0.0,test
blk_8987060164607110482,False,False,0.0,test
blk_-8619689082788423888,False,False,0.0,test
blk_216026994465296073,True,True,199.4138,test
blk_-2387597398579877810,False,False,0.0,test
blk_-5178598209662500720,False,False,0.0,test
blk_-7723782692721359586,False,False,0.0,test
blk_-8285985203445985899,False,False,0.0,test
blk_-5462418187886984774,True,True,9.0,test
blk_-2656798885136623631,False,False,0.0,test
blk_1261676919178192629,False,False,0.0,test
blk_-7506468743914548135,False,False,0.0,test
blk_-7744705314629432622,False,False,0.0,test
blk_-7651274206244260354,False,False,0.0,test
blk_-3361912923060955714,False,False,0.0,test
blk_-6811451910587894140,False,False,0.0,test
blk_-3190686434856873453,False,False,0.0,test
blk_-1141607089544980202,False,False,0.0,test
blk_2017358765881039084,False,False,0.0,test
blk_4206609806463936351,False,False,0.0,test
blk_-6632540981994486118,False,False,0.0,test
blk_1162172930665743353,False,False,0.0,test
blk_2672107439912305850,False,False,0.0,test
blk_-5435846478688327417,False,False,0.0,test
blk_-4577277610656399960,False,False,0.0,test
blk_315973544744228024,False,False,0.0,test
blk_3164231179286307724,False,False,0.0,test
blk_1909396168594144916,False,False,0.0,test
blk_-4892328155119825703,False,False,0.0,test
blk_8350986682398600300,False,False,0.0,test
blk_-8693222663025950520,False,False,0.0,test
blk_4894281850850155494,False,False,0.0,test
blk_-1565977149410124498,False,False,0.0,test
blk_5296088418931820650,False,False,0.0,test
blk_4283313188730581235,False,False,0.0,test
blk_79344661587814189,False,False,0.0,test
blk_4514014994793192099,False,False,0.0,test
blk_4305010996479880807,False,False,0.0,test
blk_2387512768805206304,False,False,0.0,test
blk_-4803847588049307680,False,False,0.0,test
blk_-9128879200118084153,False,False,0.0,test
blk_5836709889176378774,True,True,199.4138,test
blk_5581756055228328725,False,False,0.0,test
blk_-8206311469325671463,False,False,0.0,test
blk_980195507552734159,False,False,0.0,test
blk_979971293936434373,False,False,0.0,test
blk_8658434578674775188,False,False,0.0,test
blk_8159671216254404303,False,False,0.0,test
blk_6792711460716928366,False,False,0.0,test
blk_-6642078136783443218,False,False,0.0,test
blk_-384402702686154673,False,False,0.0,test
blk_909189544425739873,False,False,0.0,test
blk_-2831363507338010596,False,False,0.0,test
blk_8464256526642515410,False,False,0.0,test
blk_3024679469150838924,False,False,0.0,test
blk_3682827555876747157,False,False,0.0,test
blk_5910962899017932830,False,False,0.0,test
blk_5997726227486044828,False,False,0.0,test
blk_-3293419642012351293,False,False,0.0,test
blk_-5432522875224335602,False,False,0.0,test
blk_3419196978249808546,False,False,0.0,test
blk_4238075475458828876,False,False,0.0,test
blk_-1465735307235191667,False,False,0.0,test
blk_2485524787303045941,False,False,0.0,test
blk_-5352676303374710578,False,False,0.0,test
blk_8955601839320747060,False,False,0.0,test
blk_1943410493526951120,False,False,0.0,test
blk_-5901897314957874852,False,False,0.0,test
blk_-4102160489277464930,False,False,0.0,test
blk_-2491872933997829199,False,False,0.0,test
blk_5965383721980627853,False,False,0.0,test
blk_-9079429174204910609,False,False,0.0,test
blk_8740048263813229178,False,False,0.0,test
blk_-8519803601611033728,False,False,0.0,test
blk_8983461367474914193,False,False,0.0,test
blk_-6981048615502539789,False,False,0.0,test
blk_1658794262193372098,False,False,0.0,test
blk_5461480134190535444,False,False,0.0,test
blk_7804715869289796608,False,False,0.0,test
blk_6291404884140655419,True,False,0.0,test
blk_843375231058814366,False,False,0.0,test
blk_7505606130745019105,False,False,0.0,test
blk_2468439833353548974,True,True,2.3527,test
blk_5415633608890324082,False,False,0.0,test
blk_6902483423115836899,False,False,0.0,test
blk_-8195071962501598303,False,False,0.0,test
blk_-2371476163695566984,False,False,0.0,test
blk_-5773148210590182145,False,False,0.0,test
blk_5225186606081447530,False,False,0.0,test
blk_382843364551312200,False,False,0.0,test
blk_-6667090962927028516,False,False,0.0,test
blk_-8518332777373081660,False,False,0.0,test
blk_-8333716816258353500,False,False,0.0,test
blk_5042382900285723650,False,False,0.0,test
blk_4085933465992995945,True,True,1.5471,test
blk_809874278508579676,False,False,0.0,test
blk_6198032206423207935,False,False,0.0,test
blk_6709103027487563268,False,False,0.0,test
blk_-1880513409456170116,False,False,0.0,test
blk_6842667168210408871,False,False,0.0,test
blk_7205148796804696338,False,False,0.0,test
blk_5474604690836575410,False,False,0.0,test
blk_70043528998341356,False,False,0.0,test
blk_1512972339552746255,False,False,0.0,test
blk_-3137457505847368212,False,False,0.0,test
blk_-3232238827747651200,False,False,0.0,test
blk_-2685958014722855747,False,False,0.0,test
blk_-8463342321630640026,False,False,0.0,test
blk_-4863719070391098634,False,False,0.0,test
blk_-4430620039313490544,False,False,0.0,test
blk_-8825800732896846431,False,False,0.0,test
blk_6034847420449594490,False,False,0.0,test
blk_-7785228579840062697,False,False,0.0,test
blk_62574997387675948,False,False,0.0,test
blk_-4850978863653825021,False,False,0.0,test
blk_-1277589016827253698,False,False,0.0,test
blk_-8917299023693483121,False,False,0.0,test
blk_-4476768852546017983,False,False,0.0,test
blk_3321654899717208072,False,False,0.0,test
blk_-865041616892297598,False,False,0.0,test
blk_-1606830645246652871,False,False,0.0,test
blk_8543150179637154399,False,False,0.0,test
blk_-7048321286922289706,False,False,0.0,test
blk_373590136882260507,False,False,0.0,test
blk_4068639508766161042,False,False,0.0,test
blk_2240322107240788901,False,False,0.0,test
blk_-8083431038020902493,False,False,0.0,test
blk_383224280578721415,False,False,0.0,test
blk_6884122982858253089,False,False,0.0,test
blk_7644457931948622396,False,False,0.0,test
blk_-3404113510358240387,False,False,0.0,test
blk_-3006173392433905783,False,False,0.0,test
blk_-6155301279245936164,False,False,0.0,test
blk_3655636133652233183,False,False,0.0,test
blk_3272634274111971715,False,False,0.0,test
blk_-5304178986508314412,True,True,1.5471,test
blk_-1448756778436126890,False,False,0.0,test
blk_1933373338656626881,False,False,0.0,test
blk_1903554081832530961,False,False,0.0,test
blk_3744197777592446109,False,False,0.0,test
blk_-58271982622610864,False,False,0.0,test
blk_6279342751935573617,False,False,0.0,test
blk_-5876489392393868928,False,False,0.0,test
blk_-5913171655798670146,False,False,0.0,test
blk_8609906017845745020,False,False,0.0,test
blk_-1048893675612650927,False,False,0.0,test
blk_3580203821924186397,False,False,0.0,test
blk_-3000203287955847711,True,True,1.5471,test
blk_-470052400557970967,False,False,0.0,test
blk_-3579220118386563897,False,False,0.0,test
blk_-5525593500590034766,False,False,0.0,test
blk_-7920785930255264831,False,False,0.0,test
blk_7362081714747000506,False,False,0.0,test
blk_8267482800189414103,False,False,0.0,test
blk_1342924875833056144,False,False,0.0,test
blk_2429188640340018454,False,False,0.0,test
blk_-1587097406320994871,False,False,0.0,test
blk_5960193420592878607,False,False,0.0,test
blk_-282919202603367119,False,False,0.0,test
blk_6943637641657708562,False,False,0.0,test
blk_5848064719520997328,False,False,0.0,test
blk_-661217397093720729,False,False,0.0,test
blk_7762399961074132266,False,False,0.0,test
blk_7618535997524885261,False,False,0.0,test
blk_6242620187306105156,False,False,0.0,test
blk_1129212650122611207,False,False,0.0,test
blk_-6591483653600670052,False,False,0.0,test
blk_8246159415238005682,False,False,0.0,test
blk_-4577695608745152981,False,False,0.0,test
blk_2739693562138666310,False,False,0.0,test
blk_-5115499285870503829,False,False,0.0,test
blk_-1552272238828007233,True,True,199.4138,test
blk_-9126026476849126763,False,False,0.0,test
blk_-730360888507267446,True,True,199.4138,test
blk_2919975481289764081,False,False,0.0,test
blk_-4501611466780038746,False,False,0.0,test
blk_3586401290136209257,False,False,0.0,test
blk_-7953184016395607949,False,False,0.0,test
blk_-1363268272446890342,False,False,0.0,test
blk_-5455807602691305730,False,False,0.0,test
blk_6204520381886142248,False,False,0.0,test
blk_-3499966583117059032,False,False,0.0,test
blk_8667320248446334369,False,False,0.0,test
blk_-6808236117658885270,False,False,0.0,test
blk_-5026082773190963998,False,False,0.0,test
blk_5388003734149347917,False,False,0.0,test
blk_983623738306853846,False,False,0.0,test
blk_-8121081663072488273,True,False,0.0,test
blk_2534333225721704559,False,False,0.0,test
blk_4943090042021641730,False,False,0.0,test
blk_8449375960765463597,False,False,0.0,test
blk_2976836542741594507,False,False,0.0,test
blk_9097741862555430196,True,False,0.0,test
blk_594000492334449994,False,False,0.0,test
blk_-977278541427257498,False,False,0.0,test
blk_8247300145269039778,False,False,0.0,test
blk_-991197571690310377,False,False,0.0,test
blk_-7196057121423779768,False,False,0.0,test
blk_-6178111933029707264,False,False,0.0,test
blk_5178472122477825660,False,False,0.0,test
blk_-3344136070179295976,False,False,0.0,test
blk_-3351159147735397316,False,False,0.0,test
blk_-450495642575423525,False,False,0.0,test
blk_5090680635795292893,False,False,0.0,test
blk_8037885704789594070,False,False,0.0,test
blk_4434227802152432862,False,False,0.0,test
blk_-3205618498012894915,False,False,0.0,test
blk_5100524419938372647,False,False,0.0,test
blk_5595015102658009164,False,False,0.0,test
blk_-5748820807671355014,False,False,0.0,test
blk_-4682549803787341093,False,False,0.0,test
blk_-2743755917719081971,False,False,0.0,test
blk_2054943995842726095,False,False,0.0,test
blk_5311825588329871614,False,False,0.0,test
blk_-7728786513823805041,False,False,0.0,test
blk_-3859702881517336053,False,False,0.0,test
blk_2793466208359908923,False,False,0.0,test
blk_8959689965662480077,False,False,0.0,test
blk_5242144242211399770,False,False,0.0,test
blk_-3564975309595371738,False,False,0.0,test
blk_-2073851969952596696,False,False,0.0,test
blk_-8645797580153014660,False,False,0.0,test
blk_8217472834568903987,False,False,0.0,test
blk_-4129662621845236058,False,False,0.0,test
blk_-1137864746573631461,False,False,0.0,test
blk_-3297844717097835198,False,False,0.0,test
blk_-1412374699380515576,False,False,0.0,test
blk_-6807617704355293530,True,True,9.0,test
blk_176235435363614858,False,False,0.0,test
blk_-7378458731244346402,False,False,0.0,test
blk_5799838431337715774,False,False,0.0,test
blk_-3306946849389855264,False,False,0.0,test
blk_-2551772453650166447,False,False,0.0,test
blk_9132118022176312425,True,False,0.0,test
blk_-234867823470925334,False,False,0.0,test
blk_1738183455483289206,False,False,0.0,test
blk_-317719746173129043,False,False,0.0,test
blk_4597864129694290456,False,False,0.0,test
blk_-3706896486796044295,False,False,0.0,test
blk_975510761518279264,False,False,0.0,test
blk_-5342029424262625885,False,False,0.0,test
blk_-4883533210521725008,False,False,0.0,test
blk_-3667275627798269652,False,False,0.0,test
blk_870414531851912834,False,False,0.0,test
blk_-5838706467381557511,False,False,0.0,test
blk_-3779254721714041855,False,False,0.0,test
blk_-544217576189380844,False,False,0.0,test
blk_-4688647668263498078,False,False,0.0,test
blk_-2459944871132288568,False,False,0.0,test
blk_8939459671793079259,False,False,0.0,test
blk_7832787659189498413,False,False,0.0,test
blk_102348238526249252,False,False,0.0,test
blk_4978681386895192550,False,False,0.0,test
blk_-2427430842082075667,False,False,0.0,test
blk_3168378865793346836,False,False,0.0,test
blk_-6710133564502698481,False,False,0.0,test
blk_-609616929829228112,True,False,0.0,test
blk_5741084052134536185,False,False,0.0,test
blk_-122662293463106224,False,False,0.0,test
blk_-2454198682025779993,False,False,0.0,test
blk_-7580702460187997744,False,False,0.0,test
blk_-4186942995593204562,False,False,0.0,test
blk_6091690821752425392,False,False,0.0,test
blk_-4662487731894533665,False,False,0.0,test
blk_-4765442643984761850,False,False,0.0,test
blk_592178255786493492,False,False,0.0,test
blk_4570337774005641311,False,False,0.0,test
blk_8410376665617525323,False,False,0.0,test
blk_-7878910142999200399,False,False,0.0,test
blk_-7203277845752732907,False,False,0.0,test
blk_-1210120286591546099,False,False,0.0,test
blk_2825237531492740137,False,False,0.0,test
blk_-7248632650059324496,False,False,0.0,test
blk_287177391023891002,False,False,0.0,test
blk_-2607603250149292767,True,False,0.0,test
blk_7993187890644835536,True,False,0.0,test
blk_-5511277190623987663,False,False,0.0,test
blk_5351409258693588116,False,False,0.0,test
blk_3066437048572675863,False,False,0.0,test
blk_7685440385204653580,False,False,0.0,test
blk_8902265609248262064,False,False,0.0,test
blk_4854847390180806507,False,False,0.0,test
blk_5156861325234736903,False,False,0.0,test
blk_1147552264767003496,False,False,0.0,test
blk_-7036086916841764870,False,False,0.0,test
blk_8239617037971499474,True,False,0.0,test
blk_-9061709981484645057,False,False,0.0,test
blk_-2735796503998984327,False,False,0.0,test
blk_-2175796411894232158,False,False,0.0,test
blk_-8794008256250273446,False,False,0.0,test
blk_-2821643242184230217,False,False,0.0,test
blk_6111332019185615290,False,False,0.0,test
blk_-9078249423196160732,False,False,0.0,test
blk_-2638057115767328520,False,False,0.0,test
blk_8560241403245707155,True,False,0.0,test
blk_9037025468120792598,False,False,0.0,test
blk_-7191114180562954539,False,False,0.0,test
blk_-8479696891338831845,False,False,0.0,test
blk_-1585726267300266177,False,False,0.0,test
blk_5359660987689442288,False,False,0.0,test
blk_2136022316007257835,False,False,0.0,test
blk_-7442003375427997352,False,False,0.0,test
blk_9094637601000795443,False,False,0.0,test
blk_2304471775139104102,False,False,0.0,test
blk_-3574208775550290389,False,False,0.0,test
blk_5795652495958862867,False,False,0.0,test
blk_-1246845782733633350,False,False,0.0,test
blk_2295473136788202162,False,False,0.0,test
blk_3870347629283704387,False,False,0.0,test
blk_2723225040568147445,False,False,0.0,test
blk_-4852680164027207761,False,False,0.0,test
blk_-6026399629116129982,False,False,0.0,test
blk_-3046096024532286249,False,False,0.0,test
blk_336097419823773524,False,False,0.0,test
blk_-714085574919505671,False,False,0.0,test
blk_4136634344949635453,False,False,0.0,test
blk_7792021628525392173,False,False,0.0,test
blk_8548136394258705026,True,False,0.0,test
blk_-5384045664537727753,False,False,0.0,test
blk_7561932573311243911,False,False,0.0,test
blk_8433617337354661445,True,False,0.0,test
blk_8918440911006295945,True,False,0.0,test
blk_-5626704333388690627,False,False,0.0,test
blk_8672690393603735762,False,False,0.0,test
blk_-2928721254963067306,False,False,0.0,test
blk_-6065036191431512649,False,False,0.0,test
blk_-8126769839820864286,False,False,0.0,test
blk_-2278890771362567727,False,False,0.0,test
blk_5471092120429005882,False,False,0.0,test
blk_2550099443412438693,False,False,0.0,test
blk_-5821531931950986694,False,False,0.0,test
blk_8418517282110547177,False,False,0.0,test
blk_-2601614290030517215,False,False,0.0,test
blk_5527927029002365315,False,False,0.0,test
blk_-2131677938619736596,False,False,0.0,test
blk_-4530017158263654646,False,False,0.0,test
blk_-9000555081152863323,False,False,0.0,test
blk_-4746839249994012299,False,False,0.0,test
blk_4635025867502204173,False,False,0.0,test
blk_-5657847586075035586,False,False,0.0,test
blk_-5995663258283047166,False,False,0.0,test
blk_-5451251237252048551,False,False,0.0,test
blk_-8560628591899539568,False,False,0.0,test
blk_-6881823832072325917,False,False,0.0,test
blk_6219553983374039194,False,False,0.0,test
blk_-861765373330722953,False,False,0.0,test
blk_5569426031009837575,False,False,0.0,test
blk_-6492403448756900488,False,False,0.0,test
blk_4839611821536969592,False,False,0.0,test
blk_-2719704550019048674,False,False,0.0,test
blk_53340957242751299,False,False,0.0,test
blk_-7064333857213239913,False,False,0.0,test
blk_9090706553766982987,False,False,0.0,test
blk_-1461194933710299550,False,False,0.0,test
blk_6561892874663562951,False,False,0.0,test
blk_-3616130527790941993,False,False,0.0,test
blk_-1662007744510133416,False,False,0.0,test
blk_-87567434298488634,False,False,0.0,test
blk_6287925084148497029,False,False,0.0,test
blk_-8607728873803949040,False,False,0.0,test
blk_1103293295294514552,False,False,0.0,test
blk_-1205530730980444161,False,False,0.0,test
blk_-6148165469951190736,True,True,2.3527,test
blk_-6981991165316397396,False,False,0.0,test
blk_2725139754239100026,False,False,0.0,test
blk_8066383153890069978,False,False,0.0,test
blk_7233483060617031024,True,True,9.0,test
blk_7816926915214177014,True,False,0.0,test
blk_-1044973230775485795,False,False,0.0,test
blk_48173448913083528,False,False,0.0,test
blk_-6994249558034737004,False,False,0.0,test
blk_-1823308915334362084,False,False,0.0,test
blk_-973548644457446248,False,False,0.0,test
blk_7574530838355662111,False,False,0.0,test
blk_-5134986752575977594,False,False,0.0,test
blk_3001641809063596027,False,False,0.0,test
blk_6800201497695247327,False,False,0.0,test
blk_-3017018464714492495,False,False,0.0,test
blk_3886361423627793394,False,False,0.0,test
blk_5774840220474304341,False,False,0.0,test
blk_-2244899177643575697,False,False,0.0,test
blk_-40433644928411184,False,False,0.0,test
blk_5151498344679882625,False,False,0.0,test
blk_-5627472112861516032,False,False,0.0,test
blk_-2831396184174140770,False,False,0.0,test
blk_-4759226830405196149,False,False,0.0,test
blk_-2265952034166766747,True,True,1.5471,test
blk_8333353192511090565,False,False,0.0,test
blk_-5766309190902915292,False,False,0.0,test
blk_5954477206064131923,False,False,0.0,test
blk_4195258326983430474,False,False,0.0,test
blk_-6395056297043163641,False,False,0.0,test
blk_-2446353134497534877,False,False,0.0,test
blk_-8003756269165591438,False,False,0.0,test
blk_-7747624910568779639,False,False,0.0,test
blk_7030156735789580763,False,False,0.0,test
blk_-4495095599786330124,False,False,0.0,test
blk_-1040745293493885878,False,False,0.0,test
blk_-6658657814872225105,False,False,0.0,test
blk_3606435365480186915,False,False,0.0,test
blk_-2040051419818527335,False,False,0.0,test
blk_-4917975337160311065,False,False,0.0,test
blk_-4218063866100174899,False,False,0.0,test
blk_2728815911703031453,False,False,0.0,test
blk_7246680679784476202,False,False,0.0,test
blk_6020463466647275601,False,False,0.0,test
blk_-8578700835754389691,False,False,0.0,test
blk_-7722134978135978544,False,False,0.0,test
blk_3887818953629483238,False,False,0.0,test
blk_-347778603631995190,False,False,0.0,test
blk_-4136256199476700804,False,False,0.0,test
blk_4410890914008878012,False,False,0.0,test
blk_6440341634689160494,False,False,0.0,test
blk_3052994912611012282,False,False,0.0,test
blk_-2602153918088809722,False,False,0.0,test
blk_-1060291829236812552,False,False,0.0,test
blk_2888398430264180644,False,False,0.0,test
blk_4646428186591836826,False,False,0.0,test
blk_-4803397941874359159,False,False,0.0,test
blk_348548634648842426,True,True,9.0,test
blk_-6257469252898077420,False,False,0.0,test
blk_-2796371429028295208,False,False,0.0,test
blk_-7732785590748401789,False,False,0.0,test
blk_3006758472776984187,False,False,0.0,test
blk_4255143331775987745,False,False,0.0,test
blk_-4947327318483033747,True,True,1.5471,test
blk_-8953859265816153801,False,False,0.0,test
blk_4907431909003501852,False,False,0.0,test
blk_7519397063307188775,False,False,0.0,test
blk_3215976829590400553,False,False,0.0,test
blk_4735136244383442831,False,False,0.0,test
blk_-8050735948883168012,False,False,0.0,test
blk_658763340383559108,False,False,0.0,test
blk_3131279424246329499,False,False,0.0,test
blk_2678731836501626555,False,False,0.0,test
blk_-113182759135856344,False,False,0.0,test
blk_-53985327626422749,False,False,0.0,test
blk_-7759709307483724676,False,False,0.0,test
blk_-4899701171103985823,False,False,0.0,test
blk_6125779937831340970,False,False,0.0,test
blk_3885742507982548971,False,False,0.0,test
blk_7995352047704707954,False,False,0.0,test
blk_404982484677069360,False,False,0.0,test
blk_2697632662875204543,False,False,0.0,test
blk_3252820355178552163,False,False,0.0,test
blk_7993182014378478238,False,False,0.0,test
blk_6568407330504668931,True,True,2.3527,test
blk_1204923827214794362,False,False,0.0,test
blk_-9197728834254685951,False,False,0.0,test
blk_5218169032388906264,False,False,0.0,test
blk_9034114946032467285,True,True,1.5471,test
blk_4890212412490454074,False,False,0.0,test
blk_1345119312499270407,False,False,0.0,test
blk_8107456334280301341,False,False,0.0,test
blk_3579208497045539124,False,False,0.0,test
blk_7004128577728709643,False,False,0.0,test
blk_7885407380384246631,False,False,0.0,test
blk_1312711477256176899,False,False,0.0,test
blk_6944829038951894971,False,False,0.0,test
blk_1938748645464869389,False,False,0.0,test
blk_-5179406379156321195,False,False,0.0,test
blk_4074287977637633462,False,False,0.0,test
blk_-4454815329197088080,False,False,0.0,test
blk_3469790640177282293,False,False,0.0,test
blk_8261666005778386684,False,False,0.0,test
blk_4995618491429666605,False,False,0.0,test
blk_7511253567542357003,False,False,0.0,test
blk_-6232314143286639405,False,False,0.0,test
blk_-4791129976930661282,False,False,0.0,test
blk_3619807595746408218,False,False,0.0,test
blk_-1684464149140940640,False,False,0.0,test
blk_-6850031465850265128,True,True,2.3527,test
blk_-8791986192941881127,False,False,0.0,test
blk_-9046762647832443396,False,False,0.0,test
blk_-2276466771376002171,False,False,0.0,test
blk_2463572375740595557,False,False,0.0,test
blk_-1572698144946949557,False,False,0.0,test
blk_-4834170057130499191,False,False,0.0,test
blk_630499150101536929,False,False,0.0,test
blk_-641904313510046986,False,False,0.0,test
blk_4872944719895124987,False,False,0.0,test
blk_-6068300679904131655,False,False,0.0,test
blk_-5368838627826394292,False,False,0.0,test
blk_1353489873161511573,False,False,0.0,test
blk_-7723985352406102623,False,False,0.0,test
blk_-6360737138336362234,False,False,0.0,test
blk_8075814316218624941,False,False,0.0,test
blk_-4539733053512357602,False,False,0.0,test
blk_4176244954255092218,False,False,0.0,test
blk_-8293213006807754549,False,False,0.0,test
blk_6831711748776823734,False,False,0.0,test
blk_-1559690858566389454,False,False,0.0,test
blk_4363364786867768500,False,False,0.0,test
blk_-2930340164474214859,True,True,1.5471,test
blk_1765022931958429820,False,False,0.0,test
blk_7946984411649545137,False,False,0.0,test
blk_3693236070223455401,False,False,0.0,test
blk_1769269257286879264,False,False,0.0,test
blk_7165939739964393997,True,True,1.5471,test
blk_1237298464049030530,False,False,0.0,test
blk_2036131004061671396,False,False,0.0,test
blk_231852878009650833,False,False,0.0,test
blk_6035527854422642649,False,False,0.0,test
blk_3915475289776141012,False,False,0.0,test
blk_-7889959679543813422,False,False,0.0,test
blk_-6944330560649651167,False,False,0.0,test
blk_8536703728723991783,False,False,0.0,test
blk_541533961839762061,False,False,0.0,test
blk_6245888896945929332,False,False,0.0,test
blk_4177676181466646543,False,False,0.0,test
blk_3154477801065722205,False,False,0.0,test
blk_5711460868091029487,False,False,0.0,test
blk_-7329208860069047407,False,False,0.0,test
blk_-3204344266351858240,False,False,0.0,test
blk_-6581641670497120751,False,False,0.0,test
blk_-7409237586757807066,False,False,0.0,test
blk_-6713704050176884816,False,False,0.0,test
blk_1910923107111201060,False,False,0.0,test
blk_8572134891710634203,True,False,0.0,test
blk_8073852721240665483,False,False,0.0,test
blk_-6872114501792625725,False,False,0.0,test
blk_1931391599710224603,False,False,0.0,test
blk_7536693147882198965,True,True,199.4138,test
blk_-7004094456824366359,False,False,0.0,test
blk_2043907429419015375,False,False,0.0,test
blk_638350476934146048,False,False,0.0,test
blk_5596150195747046052,False,False,0.0,test
blk_1755092791962242619,False,False,0.0,test
blk_-8814689830592647436,False,False,0.0,test
blk_4001223526980343569,False,False,0.0,test
blk_-3126777272329634345,False,False,0.0,test
blk_-744094832222436907,False,False,0.0,test
blk_3374605883120004180,False,False,0.0,test
blk_8943134992777750605,False,False,0.0,test
blk_6795631356320163506,False,False,0.0,test
blk_5488579533050657325,False,False,0.0,test
blk_-7278344756082318630,False,False,0.0,test
blk_366885553985493229,False,False,0.0,test
blk_5579467331252443342,False,False,0.0,test
blk_-8434943469383438618,False,False,0.0,test
blk_7600061278357089014,False,False,0.0,test
blk_464052208915196748,False,False,0.0,test
blk_-1252067112016990313,False,False,0.0,test
blk_-129512201376230167,False,False,0.0,test
blk_3476098192030840155,False,False,0.0,test
blk_-3923438678401506109,False,False,0.0,test
blk_-6815201982083154332,False,False,0.0,test
blk_-564641274977000955,False,False,0.0,test
blk_8706323259251094486,True,False,0.0,test
blk_510363713566415799,False,False,0.0,test
blk_-5175114264081893217,False,False,0.0,test
blk_502310331691238528,False,False,0.0,test
blk_5652578469004191847,False,False,0.0,test
blk_-8340814108300931650,False,False,0.0,test
blk_-843697683537515730,False,False,0.0,test
blk_4102560645359943024,False,False,0.0,test
blk_-4713600181955925368,False,False,0.0,test
blk_9221121790137961390,False,False,0.0,test
blk_1817295636068363248,False,False,0.0,test
blk_-8787494962215623909,False,False,0.0,test
blk_-7264660598191898269,False,False,0.0,test
blk_-3564956484589349010,False,False,0.0,test
blk_3981896662641970479,False,False,0.0,test
blk_3057845822257859655,True,True,199.4138,test
blk_9088079548642753442,False,False,0.0,test
blk_96500762637299775,False,False,0.0,test
blk_-2806723019719523033,False,False,0.0,test
blk_-1678953999018234643,False,False,0.0,test
blk_-6485834928453185540,False,False,0.0,test
blk_890848357971627600,False,False,0.0,test
blk_-1520346310212083768,False,False,0.0,test
blk_7532556764232964638,False,False,0.0,test
blk_4246034217575940220,False,False,0.0,test
blk_-1780565608686923167,True,True,1.5471,test
blk_-7110081048125475098,False,False,0.0,test
blk_-3549902608394923049,False,False,0.0,test
blk_236562029153135069,False,False,0.0,test
blk_-3952748602414095872,False,False,0.0,test
blk_6020581958434707871,True,True,2.3527,test
blk_-1830844249084597280,False,False,0.0,test
blk_3611662556253018735,False,False,0.0,test
blk_6172767923867040095,False,False,0.0,test
blk_3970246211896067472,False,False,0.0,test
blk_2589285741910956177,False,False,0.0,test
blk_-7390710706320943439,True,False,0.0,test
blk_-5284615856184301888,False,False,0.0,test
blk_1637467140457839236,False,False,0.0,test
blk_-6401983583610936560,False,False,0.0,test
blk_-1954146007954377723,False,False,0.0,test
blk_-5527414668194966652,False,False,0.0,test
blk_8225159468637859194,False,False,0.0,test
blk_7056624717842667853,False,False,0.0,test
blk_6157997286876178234,False,False,0.0,test
blk_-4502982609607134281,False,False,0.0,test
blk_2603591853686653793,False,False,0.0,test
blk_-1016552847214332937,False,False,0.0,test
blk_-8211465725934141889,False,False,0.0,test
blk_4541666526064781713,False,False,0.0,test
blk_1099044413625666123,False,False,0.0,test
blk_8714156778809207198,False,False,0.0,test
blk_141004283858723821,False,False,0.0,test
blk_4114836081645547113,False,False,0.0,test
blk_2344229441624264598,False,False,0.0,test
blk_-4388179797146857972,False,False,0.0,test
blk_404573286791525287,False,False,0.0,test
blk_-658532448643196744,False,False,0.0,test
blk_8134049072541904964,False,False,0.0,test
blk_-1304727108979631072,False,False,0.0,test
blk_529113433718674850,False,False,0.0,test
blk_4151731636590856987,False,False,0.0,test
blk_-6994884298629655678,False,False,0.0,test
blk_8674413826212569730,True,False,0.0,test
blk_1393520945354100129,False,False,0.0,test
blk_-1999301527305082358,False,False,0.0,test
blk_4888504556696891011,False,False,0.0,test
blk_-998758921258920336,False,False,0.0,test
blk_6487163852086606205,False,False,0.0,test
blk_-5075281238358203500,False,False,0.0,test
blk_-4925836493245767874,False,False,0.0,test
blk_7479494562990312749,False,False,0.0,test
blk_7993889203577068463,False,False,0.0,test
blk_-4018461472012645195,False,False,0.0,test
blk_5321570594530729695,False,False,0.0,test
blk_4423128029576346005,True,True,2.3527,test
blk_8359442826975244132,False,False,0.0,test
blk_6489984623318760970,False,False,0.0,test
blk_-8152231592066572876,False,False,0.0,test
blk_-4800709203243669480,False,False,0.0,test
blk_-7402499638839644149,False,False,0.0,test
blk_-8297904300688037385,False,False,0.0,test
blk_2769677377839422355,False,False,0.0,test
blk_-7148934706717107317,False,False,0.0,test
blk_17334757996629613,False,False,0.0,test
blk_-3140754468249228022,False,False,0.0,test
blk_-2201060925092947130,False,False,0.0,test
blk_3016844125577436852,False,False,0.0,test
blk_3905855525848724904,False,False,0.0,test
blk_-3341609144955744235,False,False,0.0,test
blk_-1700362994495559149,False,False,0.0,test
blk_-3950373186351875653,False,False,0.0,test
blk_-9154260254357322758,False,False,0.0,test
blk_-6464282320376274721,False,False,0.0,test
blk_6467338470040558632,False,False,0.0,test
blk_-2459713912863727438,False,False,0.0,test
blk_-8965691855916032250,False,False,0.0,test
blk_-348960748199812707,False,False,0.0,test
blk_-8889451468450891818,False,False,0.0,test
blk_-7269307392658931052,False,False,0.0,test
blk_3283208263877928105,False,False,0.0,test
blk_1747939018734624733,False,False,0.0,test
blk_-3865482824573065690,False,False,0.0,test
blk_2603254383276574486,False,False,0.0,test
blk_8814444344378441276,False,False,0.0,test
blk_2884577225414379092,False,False,0.0,test
blk_8355698144532647526,False,False,0.0,test
blk_5502928867742693792,False,False,0.0,test
blk_4205747410744651875,False,False,0.0,test
blk_-1621343826927611038,False,False,0.0,test
blk_-3070436391154187846,False,False,0.0,test
blk_2391622703334130179,False,False,0.0,test
blk_34906392001541724,False,False,0.0,test
blk_3925284187198082660,False,False,0.0,test
blk_-6355068564190400335,False,False,0.0,test
blk_-8367327645692236108,False,False,0.0,test
blk_-3551069708507233175,False,False,0.0,test
blk_-4472780111803759438,False,False,0.0,test
blk_7525131135687957563,False,False,0.0,test
blk_-3392916812749342593,False,False,0.0,test
blk_343042707340466964,False,False,0.0,test
blk_645236128027865739,False,False,0.0,test
blk_-5356068163082614379,False,False,0.0,test
blk_3889657056076157255,False,False,0.0,test
blk_-7435713577907884027,False,False,0.0,test
blk_-7888169887652230189,False,False,0.0,test
blk_3190883775297922507,False,False,0.0,test
blk_7153642016585834313,False,False,0.0,test
blk_-1958356412637957663,False,False,0.0,test
blk_-5541760306465103249,False,False,0.0,test
blk_-5528642374861009063,False,False,0.0,test
blk_882043341472303166,False,False,0.0,test
blk_-4540639284577350958,False,False,0.0,test
blk_-7128305266581453520,False,False,0.0,test
blk_-3351160942662898687,False,False,0.0,test
blk_6271761696189429215,False,False,0.0,test
blk_6220506076382901934,False,False,0.0,test
blk_-8485945717043428065,False,False,0.0,test
blk_-7968509187117359849,False,False,0.0,test
blk_-7599603919770990313,False,False,0.0,test
blk_6021985712345849966,False,False,0.0,test
blk_-8856211891486528880,False,False,0.0,test
blk_-3890498788709431098,False,False,0.0,test
blk_2483738710996198589,False,False,0.0,test
blk_-6249180847019053000,False,False,0.0,test
blk_1862891084716604663,False,False,0.0,test
blk_-7727681224765025181,False,False,0.0,test
blk_5483051392603549875,False,False,0.0,test
blk_-6342166974856813263,False,False,0.0,test
blk_-1840798595249871146,False,False,0.0,test
blk_2944256677148903853,False,False,0.0,test
blk_-8735398622381630670,False,False,0.0,test
blk_2077034536266249754,False,False,0.0,test
blk_-3335479312649610129,False,False,0.0,test
blk_7487464087592918281,False,False,0.0,test
blk_-6835949831636480721,False,False,0.0,test
blk_7753245370855337771,False,False,0.0,test
blk_5941655417507160012,False,False,0.0,test
blk_6244701660479173230,False,False,0.0,test
blk_2975106191265506519,False,False,0.0,test
blk_7327288070740099643,False,False,0.0,test
blk_-1782386932691433013,False,False,0.0,test
blk_18328170997397663,False,False,0.0,test
blk_8081855625225189487,False,False,0.0,test
blk_956092926414742553,False,False,0.0,test
blk_8782208400278719319,True,False,0.0,test
blk_3789259493257927466,False,False,0.0,test
blk_-4203249125812322319,False,False,0.0,test
blk_-183485078733034579,False,False,0.0,test
blk_-1517677120733471382,True,True,1.5471,test
blk_6523914693513653213,False,False,0.0,test
blk_-9097801596720545417,False,False,0.0,test
blk_-925899414592382055,False,False,0.0,test
blk_2472106705556587986,False,False,0.0,test
blk_-8229570523609409430,False,False,0.0,test
blk_-5925604430495736118,False,False,0.0,test
blk_5395775066450306025,False,False,0.0,test
blk_-8289730481161260228,False,False,0.0,test
blk_1089748673272485458,False,False,0.0,test
blk_4541000363587104455,True,True,2.3527,test
blk_-5224454667988347448,False,False,0.0,test
blk_-4805658948849244643,False,False,0.0,test
blk_2487284892073011582,False,False,0.0,test
blk_1819717967841070781,False,False,0.0,test
blk_-1739218061547506742,False,False,0.0,test
blk_1562554918146516821,False,False,0.0,test
blk_-1643361457253096128,False,False,0.0,test
blk_-343790173849637935,False,False,0.0,test
blk_7858939950250511801,False,False,0.0,test
blk_-6007551103509207156,False,False,0.0,test
blk_-2096057061234724981,False,False,0.0,test
blk_-8001390867225431295,False,False,0.0,test
blk_3448821435954718997,False,False,0.0,test
blk_-6728034648028915737,False,False,0.0,test
blk_-8719013163248570074,False,False,0.0,test
blk_-955678844525403431,False,False,0.0,test
blk_3103463273489535627,False,False,0.0,test
blk_3086108507587736322,False,False,0.0,test
blk_-1223671787768922226,False,False,0.0,test
blk_-242971666081970345,False,False,0.0,test
blk_-8610533369982201270,False,False,0.0,test
blk_-7181549236548390449,False,False,0.0,test
blk_7767640577575481645,False,False,0.0,test
blk_-7686356201822676456,False,False,0.0,test
blk_-1947659378202566231,False,False,0.0,test
blk_313462939647146257,False,False,0.0,test
blk_-7461503224743497414,False,False,0.0,test
blk_-8781931841746808833,False,False,0.0,test
blk_-5512301084696225530,False,False,0.0,test
blk_-697482812054004509,False,False,0.0,test
blk_-4321363932347991112,False,False,0.0,test
blk_-7738534585403284719,False,False,0.0,test
blk_-2401344551726058630,False,False,0.0,test
blk_2593532977262561448,False,False,0.0,test
blk_-945979163640892183,False,False,0.0,test
blk_-4003429123057279759,False,False,0.0,test
blk_-4532069611463591254,False,False,0.0,test
blk_2040797381698004663,False,False,0.0,test
blk_4637549405699645786,False,False,0.0,test
blk_-1583015035883657478,False,False,0.0,test
blk_-3147459865918798418,False,False,0.0,test
blk_1380111875952452943,False,False,0.0,test
blk_-598241441511974747,False,False,0.0,test
blk_2871784771969459896,False,False,0.0,test
blk_5806109349037888801,False,False,0.0,test
blk_1105226233872521935,False,False,0.0,test
blk_4041624061581285161,False,False,0.0,test
blk_46570040716478229,False,False,0.0,test
blk_2473278518955284171,False,False,0.0,test
blk_-2478725565708611354,False,False,0.0,test
blk_-8827887818154175723,False,False,0.0,test
blk_-8404643106549908854,False,False,0.0,test
blk_1601136413777579615,False,False,0.0,test
blk_-7326879742777330616,False,False,0.0,test
blk_-1474616819919018554,False,False,0.0,test
blk_1930742692900693206,False,False,0.0,test
blk_-5611517992047835187,False,False,0.0,test
blk_1561458450287095106,False,False,0.0,test
blk_-2786408031062577003,False,False,0.0,test
blk_8691444518565218262,True,False,0.0,test
blk_4160378834781318965,False,False,0.0,test
blk_1059416455002882471,False,False,0.0,test
blk_-7946264375720726976,False,False,0.0,test
blk_-6156015245981494053,False,False,0.0,test
blk_4034419514593703427,False,False,0.0,test
blk_-6681098326171039039,False,False,0.0,test
blk_-135596392481914191,False,False,0.0,test
blk_-2109756653571893468,False,False,0.0,test
blk_-3946922407589530582,False,False,0.0,test
blk_-1704356550921684323,True,True,2.3527,test
blk_-3229867691344414430,False,False,0.0,test
blk_-1293831228673803195,False,False,0.0,test
blk_7222498742591460608,False,False,0.0,test
blk_-769218256734431870,False,False,0.0,test
blk_7749071229956466906,False,False,0.0,test
blk_139412064098023282,False,False,0.0,test
blk_-6118260708067908543,False,False,0.0,test
blk_6068144864636083700,False,False,0.0,test
blk_8993243400688409735,True,True,9.0,test
blk_7141076824805052157,False,False,0.0,test
blk_-8139649525093798464,False,False,0.0,test
blk_-1561287004814536238,False,False,0.0,test
blk_-1047846559369574212,False,False,0.0,test
blk_-8477867718988513737,False,False,0.0,test
blk_5544692277897422057,False,False,0.0,test
blk_-7279015510830039016,False,False,0.0,test
blk_6696251625746699142,False,False,0.0,test
blk_5010864583541740214,False,False,0.0,test
blk_3386649777823475149,False,False,0.0,test
blk_3662628695837082582,True,True,2.3527,test
blk_-1018108381171997971,False,False,0.0,test
blk_-1946694783635652405,True,True,199.4138,test
blk_4230697985774180093,False,False,0.0,test
blk_6848522799017207553,False,False,0.0,test
blk_-6811960781651252247,False,False,0.0,test
blk_-5685320967915868644,False,False,0.0,test
blk_-3199219308461608059,False,False,0.0,test
blk_8232653167951816215,False,False,0.0,test
blk_-5448699128043923909,False,False,0.0,test
blk_6790578353033043161,False,False,0.0,test
blk_1889616534958959254,False,False,0.0,test
blk_-617174463573695171,False,False,0.0,test
blk_7719990227447980960,False,False,0.0,test
blk_-4878768203334368239,False,False,0.0,test
blk_4818424607293801501,False,False,0.0,test
blk_1631179288873364876,False,False,0.0,test
blk_-8063518465769810034,False,False,0.0,test
blk_-9167738874447314636,False,False,0.0,test
blk_-3525107900445765620,False,False,0.0,test
blk_3811331622971658869,False,False,0.0,test
blk_2099694233134002177,False,False,0.0,test
blk_-3260736406913425394,False,False,0.0,test
blk_6644622330439108958,False,False,0.0,test
blk_4639125578448119006,True,True,2.3527,test
blk_4605973202398610041,False,False,0.0,test
blk_426429599506852741,False,False,0.0,test
blk_3515451097945885374,False,False,0.0,test
blk_2910622218530633993,False,False,0.0,test
blk_6116598050978161304,False,False,0.0,test
blk_-7272780552906533083,False,False,0.0,test
blk_8131962107083142362,True,False,0.0,test
blk_-2676119826096533390,False,False,0.0,test
blk_-5178342513426453380,False,False,0.0,test
blk_-6222287331437888521,False,False,0.0,test
blk_-3824432510197499190,False,False,0.0,test
blk_7888733806209341233,False,False,0.0,test
blk_5528296808007407211,False,False,0.0,test
blk_829228756562871709,False,False,0.0,test
blk_-4344393740678087113,False,False,0.0,test
blk_4605387128493718325,False,False,0.0,test
blk_1557907756978573570,False,False,0.0,test
blk_8677089968235478357,False,False,0.0,test
blk_6840979253734580727,False,False,0.0,test
blk_6097741244282888778,False,False,0.0,test
blk_2314173314002232406,False,False,0.0,test
blk_-2217241085892727148,False,False,0.0,test
blk_-7813505325404814073,False,False,0.0,test
blk_-192090425580823240,False,False,0.0,test
blk_-6346716382345527843,False,False,0.0,test
blk_8401371331006112265,False,False,0.0,test
blk_-2061112640193963879,False,False,0.0,test
blk_5854854287562983489,False,False,0.0,test
blk_268634706277255488,False,False,0.0,test
blk_-8208966329614548928,False,False,0.0,test
blk_-933512214233668771,False,False,0.0,test
blk_-999152974742143052,False,False,0.0,test
blk_2907885683673342872,False,False,0.0,test
blk_2348554825729662514,False,False,0.0,test
blk_-8634991480196825548,False,False,0.0,test
blk_3269430995845163041,False,False,0.0,test
blk_9060189346543278218,True,False,0.0,test
blk_-5552255714352470683,False,False,0.0,test
blk_-2827928564656803007,False,False,0.0,test
blk_-4973475835363281348,False,False,0.0,test
blk_4319817983258226719,False,False,0.0,test
blk_-733198431350785059,False,False,0.0,test
blk_-868334823011634617,False,False,0.0,test
blk_-5540493765293392354,False,False,0.0,test
blk_-3298192730012389498,False,False,0.0,test
blk_4063617097425887123,False,False,0.0,test
blk_5195896271960244202,False,False,0.0,test
blk_2011225617496466315,False,False,0.0,test
blk_7945627948899699014,False,False,0.0,test
blk_1855417869185776795,False,False,0.0,test
blk_-1238720621801980832,False,False,0.0,test
blk_810356956756651908,False,False,0.0,test
blk_3880235219238735082,False,False,0.0,test
blk_1726271502412816449,False,False,0.0,test
blk_-402712920386909980,False,False,0.0,test
blk_-3027095377853303390,False,False,0.0,test
blk_-3430550622548141402,False,False,0.0,test
blk_-3692763596762453409,False,False,0.0,test
blk_6757801897431528753,False,False,0.0,test
blk_-2243172307206444839,True,True,2.3527,test
blk_-4496342088669358520,False,False,0.0,test
blk_-3856073649249029954,False,False,0.0,test
blk_4820743216237268112,False,False,0.0,test
blk_2769874346829357432,False,False,0.0,test
blk_591782491993940359,True,True,1.5471,test
blk_7816238467952623170,False,False,0.0,test
blk_5872052798391895835,False,False,0.0,test
blk_8418386645194870893,False,False,0.0,test
blk_-5305875350878715541,False,False,0.0,test
blk_-8427803867590461345,False,False,0.0,test
blk_-7608028016356264087,False,False,0.0,test
blk_-3075369825314552679,False,False,0.0,test
blk_7813582730962771021,False,False,0.0,test
blk_-4533215752147524554,False,False,0.0,test
blk_-8850982202384264467,False,False,0.0,test
blk_-1416255777100806821,False,False,0.0,test
blk_4360675975453108126,False,False,0.0,test
blk_8445317151526855208,False,False,0.0,test
blk_4018923393939546231,False,False,0.0,test
blk_6364383270045754466,False,False,0.0,test
blk_-4758994290317902260,False,False,0.0,test
blk_5892345988522203872,False,False,0.0,test
blk_750848192117179744,False,False,0.0,test
blk_6621932605042438995,False,False,0.0,test
blk_3578758480069487728,False,False,0.0,test
blk_7500403705600197950,False,False,0.0,test
blk_4625274985432880454,False,False,0.0,test
blk_638939784120214749,False,False,0.0,test
blk_-6877696701654867296,True,True,1.5471,test
blk_1664610274377970516,False,False,0.0,test
blk_7853655089835364696,False,False,0.0,test
blk_-8750315517164425678,False,False,0.0,test
blk_7907797724760003565,False,False,0.0,test
blk_7399232881442109666,False,False,0.0,test
blk_6947020896752568924,False,False,0.0,test
blk_-4133782593309985949,False,False,0.0,test
blk_-7084167786157129167,False,False,0.0,test
blk_6884461846825351507,False,False,0.0,test
blk_1323812719164322160,False,False,0.0,test
blk_5151599425492863559,False,False,0.0,test
blk_-5620918626619516154,False,False,0.0,test
blk_-1818329659545968032,False,False,0.0,test
blk_-45454494496602552,False,False,0.0,test
blk_3925902867016057015,False,False,0.0,test
blk_-1787747917999809597,False,False,0.0,test
blk_-8284319945042968176,False,False,0.0,test
blk_4509878823587110787,False,False,0.0,test
blk_-8296880933210608104,False,False,0.0,test
blk_-4387168033748585146,False,False,0.0,test
blk_1099921452170746918,False,False,0.0,test
blk_-8143081805648596965,False,False,0.0,test
blk_4662990393965555465,False,False,0.0,test
blk_7807989190678363447,False,False,0.0,test
blk_2607022186479364327,False,False,0.0,test
blk_-976339114197076853,True,False,0.0,test
blk_-4645152412496260262,False,False,0.0,test
blk_1946004376749893875,False,False,0.0,test
blk_7455154075126513420,False,False,0.0,test
blk_4534426333428888985,False,False,0.0,test
blk_2260576740749849268,False,True,199.4138,test
blk_-6451481066416869394,False,False,0.0,test
blk_-8010223751439051327,False,False,0.0,test
blk_-3428130083478347747,False,False,0.0,test
blk_-601360194007810229,False,False,0.0,test
blk_-6519782647893416073,False,False,0.0,test
blk_-1921375266185671626,False,False,0.0,test
blk_-4917509153767079107,False,False,0.0,test
blk_5359974904847520612,False,False,0.0,test
blk_5382343309520530237,False,False,0.0,test
blk_8325907881894424389,False,False,0.0,test
blk_2858535516800433516,False,False,0.0,test
blk_-3860035787700398391,False,False,0.0,test
blk_2080604245847212685,False,False,0.0,test
blk_5951221751432246380,False,False,0.0,test
blk_-81351534029602678,False,False,0.0,test
blk_4966276028193818154,True,False,0.0,test
blk_4626649796877455313,False,False,0.0,test
blk_-7800853382581848688,False,False,0.0,test
blk_6654063595994991509,False,False,0.0,test
blk_1044822962820355716,False,False,0.0,test
blk_4086471523807188363,False,False,0.0,test
blk_4108032757710290196,False,False,0.0,test
blk_-3446570477471269292,False,False,0.0,test
blk_8531336379207741865,False,False,0.0,test
blk_-8236565858529890233,False,False,0.0,test
blk_2256809368868552966,False,False,0.0,test
blk_-910333155008073195,False,False,0.0,test
blk_2862495419000319678,False,False,0.0,test
blk_-566511148424164404,False,False,0.0,test
blk_6387311243951848818,False,False,0.0,test
blk_9127128872713018045,True,True,2.3527,test
blk_1245875512126629388,False,False,0.0,test
blk_-7255566295450886585,False,False,0.0,test
blk_4812224181712184996,False,False,0.0,test
blk_-7420083022217682240,False,False,0.0,test
blk_8194134920492115188,True,False,0.0,test
blk_-8131437595743131100,False,False,0.0,test
blk_3037799273479930174,False,False,0.0,test
blk_-4730340715615201413,False,False,0.0,test
blk_2410479264698434731,False,False,0.0,test
blk_1287820433357507321,False,False,0.0,test
blk_3128355535782979850,False,False,0.0,test
blk_869493635838859905,False,False,0.0,test
blk_-1528290694341156616,False,False,0.0,test
blk_-4886150863934366467,False,False,0.0,test
blk_4286887770593516283,False,False,0.0,test
blk_-6245171474127429838,False,False,0.0,test
blk_88890022003728671,False,False,0.0,test
blk_6479788397860607615,False,False,0.0,test
blk_-6284765201218118646,False,False,0.0,test
blk_-1244296008529821842,False,False,0.0,test
blk_-2213013392423876045,False,False,0.0,test
blk_4471411327570580651,False,False,0.0,test
blk_5792489080791696128,False,False,0.0,test
blk_7799779949564614227,False,False,0.0,test
blk_8480065724628883619,False,False,0.0,test
blk_7999241143716748934,True,False,0.0,test
blk_-2772726779870378151,False,False,0.0,test
blk_-3199329769869494837,False,False,0.0,test
blk_-7385019746290967026,False,False,0.0,test
blk_8693960090226565974,True,False,0.0,test
blk_9093935419241582986,False,False,0.0,test
blk_104494274370441019,False,False,0.0,test
blk_-615955524874933978,False,False,0.0,test
blk_-294025603924100578,False,False,0.0,test
blk_5558929477002042464,False,False,0.0,test
blk_-8573057490300642283,False,False,0.0,test
blk_-5034503883868430808,False,False,0.0,test
blk_-5848320057919301808,False,False,0.0,test
blk_3844474760914334406,False,False,0.0,test
blk_5937442465411972192,False,False,0.0,test
blk_-7403198148889535120,False,False,0.0,test
blk_9169921033420102784,False,False,0.0,test
blk_-4730802527165052286,False,False,0.0,test
blk_-324081936641165756,False,False,0.0,test
blk_8055186481049338300,False,False,0.0,test
blk_2848603079072193364,False,False,0.0,test
blk_7007568649123695530,False,False,0.0,test
blk_5910064681330337480,False,False,0.0,test
blk_463998545093463531,False,False,0.0,test
blk_3888635850409849568,True,True,1.0,test
blk_8037836336149586294,False,False,0.0,test
blk_2167160150620220121,False,False,0.0,test
blk_7843290202709542026,False,False,0.0,test
blk_-2777289853035387836,False,False,0.0,test
blk_6535531443293956238,False,False,0.0,test
blk_9073574917118276250,False,False,0.0,test
blk_-7140447368456388316,False,False,0.0,test
blk_-183447799214415473,False,False,0.0,test
blk_-1347949337410740470,False,False,0.0,test
blk_-5772658449617735976,False,False,0.0,test
blk_-1280182768501890372,False,False,0.0,test
blk_-6555344413606699037,False,False,0.0,test
blk_-271233912558262172,False,False,0.0,test
blk_-2929623786234498912,False,False,0.0,test
blk_8578075029725747702,False,False,0.0,test
blk_-6635163678784332104,True,True,2.3527,test
blk_4974797244275368709,False,False,0.0,test
blk_-7858897319223152664,False,False,0.0,test
blk_5251082346485479848,False,False,0.0,test
blk_-1191628299378693246,False,False,0.0,test
blk_9016590856889493450,False,False,0.0,test
blk_9051363787050427351,False,False,0.0,test
blk_-1092847512343990831,False,False,0.0,test
blk_5936840510809379623,False,False,0.0,test
blk_4107343709201585762,False,False,0.0,test
blk_1484698479544632108,False,False,0.0,test
blk_1312526714528135598,False,False,0.0,test
blk_-4326809875178861105,False,False,0.0,test
blk_8587701723300006029,False,False,0.0,test
blk_4771380972429014730,False,False,0.0,test
blk_416433471746838006,False,False,0.0,test
blk_-4223625526513535681,False,False,0.0,test
blk_7911117469715928807,False,False,0.0,test
blk_-1693672843239194654,False,False,0.0,test
blk_9207848331571087403,True,False,0.0,test
blk_7271554986070260696,False,False,0.0,test
blk_-3885243975494636578,False,False,0.0,test
blk_-1766232446494916724,False,False,0.0,test
blk_314081456926827979,False,False,0.0,test
blk_-4713671065624047616,False,False,0.0,test
blk_-365681253977708548,False,False,0.0,test
blk_-2236641020014194894,False,False,0.0,test
blk_-4572463456665511018,False,False,0.0,test
blk_1692444475933264043,False,False,0.0,test
blk_-7133662611037680180,False,False,0.0,test
blk_-6635290280747930196,False,False,0.0,test
blk_-4731828568865212183,False,False,0.0,test
blk_73879524796735906,False,False,0.0,test
blk_-6805911100285889213,False,False,0.0,test
blk_7085263806509563206,False,False,0.0,test
blk_-1040723231621687859,False,False,0.0,test
blk_-1160765867676592212,False,False,0.0,test
blk_-3479628987171866111,False,False,0.0,test
blk_-3059453549958878582,False,False,0.0,test
blk_-7552627870108646440,False,False,0.0,test
blk_-2951262078924395064,False,False,0.0,test
blk_334337786110693415,False,False,0.0,test
blk_-6174155369373380263,False,False,0.0,test
blk_2140437863020431688,False,False,0.0,test
blk_1200401807679484048,False,False,0.0,test
blk_8562230898235819188,False,False,0.0,test
blk_4241467193520768333,True,True,3138.5066,test
blk_7851709782756258717,False,False,0.0,test
blk_8277655720312785906,False,False,0.0,test
blk_1015440442796036939,False,False,0.0,test
blk_7663920393486727391,False,False,0.0,test
blk_7246627250708283036,False,False,0.0,test
blk_5249469593256035350,False,False,0.0,test
blk_252816358434654494,False,False,0.0,test
blk_-6027962917485800010,False,False,0.0,test
blk_-4130422002907235753,False,False,0.0,test
blk_1186354490847439399,False,False,0.0,test
blk_3126100339057783399,False,False,0.0,test
blk_-8318899905866962904,False,False,0.0,test
blk_-1402764052044494020,False,False,0.0,test
blk_-1308671624612033799,False,False,0.0,test
blk_-2498364572476172097,False,False,0.0,test
blk_-6479204198004710551,False,False,0.0,test
blk_1998301391932493986,False,False,0.0,test
blk_4220135107340750432,False,False,0.0,test
blk_4472097162321285264,False,False,0.0,test
blk_4073388845693289280,False,False,0.0,test
blk_540653032099699956,False,False,0.0,test
blk_-4650284003729275826,False,False,0.0,test
blk_-2495422772401864257,False,False,0.0,test
blk_-9014173131896665102,False,False,0.0,test
blk_6077557307993912679,False,False,0.0,test
blk_4301761665496587132,False,False,0.0,test
blk_-4447446865486196675,False,False,0.0,test
blk_-1322963786995945056,False,False,0.0,test
blk_-4247203330463026486,False,False,0.0,test
blk_3644365208988034753,False,False,0.0,test
blk_-8694827118139565702,False,False,0.0,test
blk_2713656210464436133,False,False,0.0,test
blk_7339552601395282457,False,False,0.0,test
blk_3779930031432490169,False,False,0.0,test
blk_153368636893538798,False,False,0.0,test
blk_9010689441969286891,False,False,0.0,test
blk_4718466536212741328,False,False,0.0,test
blk_-1401782510084004484,False,False,0.0,test
blk_-6140787070569036938,False,False,0.0,test
blk_-2722908246250500017,False,False,0.0,test
blk_6425258121728872385,False,False,0.0,test
blk_-5726466382996847098,False,False,0.0,test
blk_8015156423402277693,False,False,0.0,test
blk_-1214394198778192417,False,False,0.0,test
blk_2252088937896673161,False,False,0.0,test
blk_-8889476680624664813,False,False,0.0,test
blk_-7826561894463945320,False,False,0.0,test
blk_9047244576407600764,True,False,0.0,test
blk_-6742986629304373462,False,False,0.0,test
blk_7387485574305837310,False,False,0.0,test
blk_2491864121329986755,False,False,0.0,test
blk_8495427358550191650,False,False,0.0,test
blk_2915634488231201881,False,False,0.0,test
blk_-7199733435216834133,False,False,0.0,test
blk_7957257084814266964,False,False,0.0,test
blk_9090839887527395991,False,False,0.0,test
blk_-1196019860597610288,False,False,0.0,test
blk_3943582101490702146,False,False,0.0,test
blk_7438379999836449387,False,False,0.0,test
blk_-5185602630933202827,False,False,0.0,test
blk_-9039789976760025618,False,False,0.0,test
blk_-868453012854818007,False,False,0.0,test
blk_-7249809039749409696,False,False,0.0,test
blk_160683287035243620,False,False,0.0,test
blk_-6399661140768899704,False,False,0.0,test
blk_-5135517843957975828,False,False,0.0,test
blk_-5727424205327955551,False,False,0.0,test
blk_-6682291555440262995,False,False,0.0,test
blk_3760819112176239884,False,False,0.0,test
blk_-9081208173975932165,False,False,0.0,test
blk_948333415887456675,False,False,0.0,test
blk_-3781271598501637049,False,False,0.0,test
blk_7359588822015996941,False,False,0.0,test
blk_-3179905577831255406,False,False,0.0,test
blk_858790125462628556,False,False,0.0,test
blk_-8608758988186237206,False,False,0.0,test
blk_-55298819388265649,False,False,0.0,test
blk_-5414224992770336148,False,False,0.0,test
blk_-963887220294303910,True,True,199.4138,test
blk_4114730815151278021,False,False,0.0,test
blk_-536672165145742695,False,False,0.0,test
blk_3651238984033059934,False,False,0.0,test
blk_8946489260338123929,False,False,0.0,test
blk_-346423316860201310,False,False,0.0,test
blk_-4566764090560972175,False,False,0.0,test
blk_8093107867996361765,False,False,0.0,test
blk_-7374177486939901806,False,False,0.0,test
blk_1037066694877136451,False,False,0.0,test
blk_-6568324543505120490,False,False,0.0,test
blk_-6165465562668419154,False,False,0.0,test
blk_4222802578485615752,False,False,0.0,test
blk_-5139777489517063680,False,False,0.0,test
blk_4548739026758822283,False,False,0.0,test
blk_-3350625939026579183,False,False,0.0,test
blk_3612011589027622217,False,False,0.0,test
blk_3369950469284714051,False,False,0.0,test
blk_-2624375322208231155,False,False,0.0,test
blk_978023448151173366,False,False,0.0,test
blk_-474988049992475604,False,False,0.0,test
blk_7752251494354522012,False,False,0.0,test
blk_-6379992705665821393,False,False,0.0,test
blk_-6365457978943624335,False,False,0.0,test
blk_1207568959074804298,False,False,0.0,test
blk_-7055046348731387655,False,False,0.0,test
blk_-7121144945977862720,False,False,0.0,test
blk_-9089961271629225005,False,False,0.0,test
blk_-7325968241997525720,False,False,0.0,test
blk_-6882958860575345839,False,False,0.0,test
blk_524408193881860019,False,False,0.0,test
blk_4481529388240422035,False,False,0.0,test
blk_1774305573023321883,False,False,0.0,test
blk_8652779608730262978,True,False,0.0,test
blk_-372632911736985200,False,False,0.0,test
blk_-836233151529212612,False,False,0.0,test
blk_8996949747823867861,False,False,0.0,test
blk_7379833155074044619,False,False,0.0,test
blk_-4279066583359914908,False,False,0.0,test
blk_-4358861442329520889,False,False,0.0,test
blk_-2954113619284156045,False,False,0.0,test
blk_-6212811321158770182,False,False,0.0,test
blk_8909107483987085802,True,False,0.0,test
blk_-6714539128345632048,True,True,1.5471,test
blk_-598955920782630733,False,False,0.0,test
blk_-5943236831140622436,False,False,0.0,test
blk_-1445970677921829671,False,False,0.0,test
blk_-5039164935117450945,False,False,0.0,test
blk_2775713868141410685,False,False,0.0,test
blk_8948624301149724995,True,False,0.0,test
